ticker,date,sentiment_mean,sentiment_std,sentiment_min,sentiment_max,num_articles,sentiment_range,close,volume,momentum_5d,momentum_10d,momentum_20d,volatility_10d,volatility_20d,price_vs_ma10,price_vs_ma20,volume_change,volume_ma_ratio,day_of_week,day_of_month,month,is_month_start,is_month_end,target,target_direction
AAPL,2025-03-31,0.7458913400769234,0.0,0.7458913400769234,0.7458913400769234,1,0.0,221.1660614013672,65299300,0.0063425732453969985,0.03799061347290911,-0.06679833168510618,0.015081194029429071,0.019588682766050632,0.014204215689559874,0.0008718547285397893,0.6399195350916407,1.3184309332652777,0,31,3,0,1,0.1721392745126218,1
AAPL,2025-06-30,0.7298223823308945,0.0,0.7298223823308945,0.7298223823308945,1,0.0,204.5475311279297,91912800,0.01821336772641091,0.04438779421553751,0.021508466222438072,0.011224648977556803,0.011513459097207258,0.024697145013540478,0.022491046919092428,0.2558349251112879,1.5594574454656138,0,30,6,0,1,0.34257301275092167,1
AAPL,2025-09-30,0.7320254147052765,0.0,0.7320254147052765,0.7320254147052765,1,0.0,254.14559936523438,37704300,0.0007861150085717306,0.06920010756396944,0.10843634722875706,0.018048408426648305,0.018226489507384865,0.015846330487242932,0.04732352593658118,-0.06039219790817818,0.5875638298933342,1,30,9,0,1,,0
AAPL,2025-12-31,0.7865896746516228,0.0,0.7865896746516228,0.7865896746516228,1,0.0,271.6058349609375,27293600,-0.001835841104918634,-0.01001422913083061,-0.05007168772861703,0.0058238762363461575,0.006139986716996639,-0.003058433172868358,-0.0131138885487605,0.23279553379464857,0.6419063208496787,2,31,12,0,1,,0
AAPL,2026-01-29,-0.0403094179928302,0.0,-0.0403094179928302,-0.0403094179928302,1,0.0,258.0385437011719,67253000,0.0399838235258847,-0.006462558895545034,-0.05419656999167777,0.016595516006192,0.012600595196776443,0.019708773615071173,4.451787554748954e-05,0.6288752179810115,1.2408385000343176,3,29,1,0,1,,0
AAPL,2026-01-30,-0.0880609024316072,0.0,-0.0880609024316072,-0.0880609024316072,1,0.0,259.2374267578125,92443400,0.046121596002254295,0.004918541862970027,-0.045538079860853675,0.016512422310532848,0.012697973175734695,0.0239330703668581,0.007104618975686705,0.37456172958827105,1.5535369057318094,4,30,1,0,1,,0
AAPL,2026-02-09,0.051649167047192655,0.7932269641382522,-0.9664710224606096,0.9382467474788428,21,1.9047177699394524,274.6199951171875,44562300,0.018025057534903022,0.07621846973689128,0.05978701676851661,0.015708446702681608,0.01604236968433715,0.026672826191585175,0.053469758463198014,-0.11676319138056113,0.7101792631983573,0,9,2,0,0,,0
ABBV,2026-01-07,-0.0549814812839031,0.0,-0.0549814812839031,-0.0549814812839031,1,0.0,231.55694580078125,10285400,0.016018070082563174,0.024176196481159096,0.04616349330121161,0.020336670883468213,0.015936007641048387,0.02172399187566243,0.029865288213726693,0.12387862364369462,2.1244681290535796,2,7,1,0,0,,0
ABBV,2026-02-04,-0.0517009552568197,0.0,-0.0517009552568197,-0.0517009552568197,1,0.0,217.11000061035156,15319700,-0.0071340264858303915,0.0044413913531125004,-0.022655188162553963,0.01727924658246717,0.019277758374635648,-0.018751768438972527,-0.013531449934689022,0.8777593920451063,2.117990413555404,2,4,2,1,0,,0
ABT,2025-12-12,-0.029727092012763,0.0,-0.029727092012763,-0.029727092012763,1,0.0,124.82768249511719,4765300,0.0030380352747063633,-0.026687284518502885,-0.029398036753448542,0.012056230396122794,0.014278822300715487,0.007929433590949664,-0.006753058408047297,-0.11589981447124309,0.8784627040937656,4,12,12,0,0,,0
ABT,2026-01-22,-0.0408100355416536,0.0,-0.0408100355416536,-0.0408100355416536,1,0.0,108.61000061035156,37099400,-0.1267186764347289,-0.14074175745907758,-0.1281136795715353,0.03059795517606403,0.023394375632236203,-0.10877138223903948,-0.11971791902884965,1.9544089891935368,3.4889991300872265,3,22,1,0,0,,0
ACN,2025-02-28,0.76009351760149,0.0,0.76009351760149,0.76009351760149,1,0.0,345.0546569824219,5768000,-0.043265863207782695,-0.10533204409266395,-0.08470120506876389,0.017173134385795943,0.01624335394785514,-0.05949598704875747,-0.08217859266777017,1.1086495576515318,2.013811788200627,4,28,2,0,1,,0
ACN,2025-12-18,-0.0948009267449379,0.0,-0.0948009267449379,-0.0948009267449379,1,0.0,269.9599914550781,6923200,-0.0015164540056734621,0.0023019051222148423,0.11979421521766076,0.00971305377493103,0.01957071277494308,-0.0027963033009242855,0.028193798835520756,0.23920670151070378,1.6025332395096479,3,18,12,0,0,,0
ACN,2026-01-28,-0.0728595443069934,0.0,-0.0728595443069934,-0.0728595443069934,1,0.0,270.42999267578125,3735200,-0.03665577265665454,-0.023012989155013597,-0.0033537394943286003,0.025840976056017546,0.023484073087064197,-0.03729019850511295,-0.02397212982207675,0.27173061863743153,0.8385774357293437,2,28,1,0,1,,0
ADBE,2025-02-28,0.7745736911892891,0.0,0.7745736911892891,0.7745736911892891,1,0.0,438.55999755859375,3936900,-0.01296365158146462,-0.044989337588064005,-0.016681619823780802,0.009311059884205627,0.01378873794755351,-0.022239073958964517,-0.018840837205135408,0.6822921117853176,1.4100038680285947,4,28,2,0,1,-0.39141737645411845,-1
ADBE,2026-01-15,-0.0123676508665084,0.0,-0.0123676508665084,-0.0123676508665084,1,0.0,304.0899963378906,4774300,-0.10308521509608348,-0.13114659040890542,-0.12590191286406782,0.022268191908469435,0.0180234322761351,-0.0666503046999477,-0.10519262287991793,-0.1642509540314393,1.069763273171333,3,15,1,0,0,,0
ADBE,2026-01-27,-0.0433717239648103,0.0,-0.0433717239648103,-0.0433717239648103,1,0.0,297.4200134277344,4166300,0.024279431170915577,-0.09226302771823236,-0.15935550116023733,0.02282378690641856,0.019610788118876232,-0.0093000583317846,-0.07018036400599326,0.012392778169270757,0.7377808314754377,1,27,1,0,1,,0
ADBE,2026-02-05,-0.04268104006769136,0.8453343241650635,-0.9665523269213736,0.9379202825948596,16,1.9044726095162332,269.3900146484375,6293600,-0.0763242918357393,-0.10122441939681026,-0.20322386931291947,0.029830571082341634,0.025188918350251284,-0.07174110443515658,-0.1022801611137335,-0.2642678450351874,1.0993840682241391,3,5,2,1,0,,0
ADBE,2026-02-06,0.31188993580225444,0.6749489295525057,-0.9517479315400124,0.9328225888311864,18,1.8845705203711987,268.3800048828125,5448400,-0.0848081674925405,-0.10857940560715762,-0.208411992334961,0.029492614565095915,0.025042992014985513,-0.06468575581638658,-0.09499087355137292,-0.1342951569848735,0.9341240572434734,4,6,2,0,0,,0
ADBE,2026-02-09,-0.38082003606749437,0.753453178508482,-0.961557031609118,0.9366648551076652,7,1.898221886716783,266.8999938964844,6571000,-0.0902584039321469,-0.124113964205541,-0.20077860715567042,0.028463821104096298,0.025059184130019875,-0.05742005642883519,-0.08969057055371443,0.20604214081198147,1.0810766345299596,0,9,2,0,0,,0
ADI,2025-01-31,0.7406827062368393,0.0,0.7406827062368393,0.7406827062368393,1,0.0,208.4523468017578,3486400,-0.025210420421275415,-0.014556804104874477,-0.002682969135962887,0.021759003795697958,0.019549523815648766,-0.02334580439705014,-0.019887590071433814,0.17134793710522778,0.9700504168011486,4,31,1,0,1,0.46604253102579407,1
ADI,2025-04-30,0.7577446103096008,0.0,0.7577446103096008,0.7577446103096008,1,0.0,192.5919647216797,4415400,0.06449665226501344,0.08566333746265409,-0.021387695467265266,0.02445550744108054,0.059873007992625814,0.047996427928114205,0.06667540737676236,0.12071678765419569,1.1035051546391752,2,30,4,0,1,,0
ADI,2025-07-31,0.7404996454715729,0.0,0.7404996454715729,0.7404996454715729,1,0.0,222.95765686035156,5339800,-0.0076864850210554,-0.06780922149525881,-0.08370374811134551,0.015074888923274646,0.012524813266434509,-0.030664156204491144,-0.05378901479950282,1.2975775569037475,1.3325181543682778,3,31,7,0,1,,0
ADI,2025-10-31,0.7642518505454063,0.0,0.7642518505454063,0.7642518505454063,1,0.0,233.3059844970703,2698100,-0.016301788709944587,-0.035986285354582814,-0.03248067912145358,0.016272922793829983,0.02175028924626308,-0.023921472474977334,-0.01806757496216005,-0.08240375459121208,0.8522136835555387,4,31,10,0,1,,0
ADI,2025-11-25,-0.0163761302828788,0.0,-0.0163761302828788,-0.0163761302828788,1,0.0,251.13302612304688,7515100,0.09512014329896368,0.07973097807172258,0.05293504793569892,0.028013925622807075,0.02289318348981837,0.07011682403019015,0.07634160013772617,-0.0857431355612599,1.5642901152334643,1,25,11,0,1,,0
ADI,2026-01-23,-0.0464474037289619,0.0,-0.0464474037289619,-0.0464474037289619,1,0.0,305.6000061035156,2907000,0.011585567458746393,0.021526950001912626,0.10432549405931191,0.01602555655113349,0.01770229771397908,0.01659960941235572,0.05050215238888667,0.040555535669542175,0.8335005877799123,4,23,1,0,0,,0
AMAT,2025-01-31,0.7696015387773514,0.0,0.7696015387773514,0.7696015387773514,1,0.0,178.56256103515625,5898400,-0.03427029956885663,-0.032872229831477306,0.10895905391781113,0.029816897890099052,0.027990078382539762,-0.021246553377442412,0.00476616874974356,-0.01918919817752507,0.809538122432622,4,31,1,0,1,0.4516480383815935,1
AMAT,2025-04-30,0.7932815253734589,0.0,0.7932815253734589,0.7932815253734589,1,0.0,149.5600128173828,7273600,0.049658706562178745,0.03616363105102227,0.03466973020755337,0.027423676858519385,0.053821169104487504,0.04235536656156369,0.06105030119626176,0.2713194553685352,1.0413469247508877,2,30,4,0,1,,0
AMAT,2025-07-31,0.751945823431015,0.0,0.751945823431015,0.751945823431015,1,0.0,179.19415283203125,11375400,-0.04284498247176627,-0.06472055506708974,-0.052365622590550887,0.021069870706604616,0.017434159035685164,-0.041795767272603035,-0.059991743798309516,1.8307577454273982,1.939413985112644,3,31,7,0,1,,0
AMAT,2025-10-31,0.7911501303315163,0.0,0.7911501303315163,0.7911501303315163,1,0.0,232.64398193359375,6532600,0.01901640098082935,0.03604603366693859,0.07157638698929092,0.02068282407841733,0.027958524155462655,0.016891495138013912,0.037505553609745945,-0.10728780901102808,1.0000306166187007,4,31,10,0,1,,0
AMAT,2025-11-13,-0.0588617958128452,0.0,-0.0588617958128452,-0.0588617958128452,1,0.0,222.79327392578125,13465900,-0.04410573287913511,-0.04007749341872646,-0.019717265151770524,0.027742980856234837,0.024262054392082247,-0.039127118477203404,-0.03098736553060577,1.2611243577257616,1.7643028030428094,3,13,11,0,0,,0
AMAT,2025-12-12,-0.009906718507409,0.0,-0.009906718507409,-0.009906718507409,1,0.0,259.2099914550781,6739300,-0.03279853934672339,0.027591641050854765,0.1634551927336385,0.023106683247349758,0.02783302054175437,-0.027690279090369363,0.03706189858574338,-0.045587152325383795,1.0335271781470645,4,12,12,0,0,,0
AMD,2025-03-31,0.7121350020170212,0.0,0.7121350020170212,0.7121350020170212,1,0.0,102.73999786376953,30865300,-0.09758454773169756,-0.01768810152879674,0.04591259648488655,0.032524980292436084,0.029955350565110592,-0.04408346590788703,-0.009357799749133089,-0.006559572050687024,0.9240233558741149,0,31,3,0,1,0.9485108682487302,1
AMD,2025-06-30,0.7396198660135269,0.0,0.7396198660135269,0.7396198660135269,1,0.0,141.89999389648438,42972500,0.09507633810263716,0.2215908180344799,0.28149543569574,0.03314438656668105,0.02986352089483602,0.05164079933294308,0.12063617128722148,-0.30620024250095657,0.6151467899350834,0,30,6,0,1,,0
AMD,2025-09-30,0.7339366674423218,0.0,0.7339366674423218,0.7339366674423218,1,0.0,161.7899932861328,29669300,0.005531382370474347,0.00828858604398075,-0.003265241585575396,0.008768040548598071,0.020105913520285977,0.011238021096654949,0.01831245796775338,-0.25507923914353436,0.6699412596457334,1,30,9,0,1,,0
AMD,2025-12-31,0.7715720310807228,0.0,0.7715720310807228,0.7715720310807228,1,0.0,214.16000366210938,17591600,-0.003443416730534943,0.02385621999735199,-0.005017663090001068,0.0275298341066874,0.022907759349561213,0.011338387391574667,0.00022187022395625533,0.0720310062402496,0.7237509848330567,2,31,12,0,1,,0
AMD,2026-02-03,-0.0492640119045972,0.0,-0.0492640119045972,-0.0492640119045972,1,0.0,242.11000061035156,53097100,-0.039360386529352254,0.04393757555130362,0.09512393072697556,0.03832232004226526,0.03275166190511888,-0.030233351574840528,0.03626788122456159,0.4624037060600803,1.3531098634864385,1,3,2,1,0,,0
AMD,2026-02-04,-0.0141028109937906,0.0,-0.0141028109937906,-0.0141028109937906,1,0.0,200.19000244140625,107173300,-0.20792119138091558,-0.19859887912039986,-0.06606019714910161,0.06098792665857577,0.05122627025136632,-0.18188615475514003,-0.1405517024220999,1.018439801797085,2.4513810294522633,2,4,2,1,0,,0
AMGN,2026-01-30,-0.0420339051634073,0.0,-0.0420339051634073,-0.0420339051634073,1,0.0,341.8800048828125,2522400,-0.008324858933103751,0.035905845369651246,0.04451439746080621,0.01625779824920069,0.01841988129727428,-0.0017752407411125715,0.01900121149339995,-0.20002537185626845,0.824615545559159,4,30,1,0,1,,0
AMGN,2026-02-03,-0.0379661489278078,0.0,-0.0379661489278078,-0.0379661489278078,1,0.0,338.5899963378906,4040000,-0.036234802234249464,0.022930502531391506,0.05571836820021181,0.01772897837723456,0.018242901110075507,-0.017651478500479878,0.0039718082426285495,1.1264277067214064,1.3672899568491412,1,3,2,1,0,,0
AMZN,2025-03-31,0.7961967065930367,0.0,0.7961967065930367,0.7961967065930367,1,0.0,190.25999450683594,63547600,-0.06395749459475064,-0.02799637699264046,-0.0719930224272638,0.02196276801158509,0.020651033455560665,-0.036150712984456046,-0.03998065129171535,0.20932020506887006,1.4850998314564203,0,31,3,0,1,0.10543473876039688,1
AMZN,2025-06-30,0.7306946590542793,0.0,0.7306946590542793,0.7306946590542793,1,0.0,219.38999938964844,58887800,0.05238162855568129,0.034370547271813434,0.07014294555445688,0.01742879694849949,0.01487963924539048,0.022239601043712254,0.029910534924493914,-0.5060456931094617,1.1300376731676165,0,30,6,0,1,-0.048634842967453684,-1
AMZN,2025-09-30,0.736178494989872,0.0,0.736178494989872,0.736178494989872,1,0.0,219.57000732421875,48396400,-0.005165145915320246,-0.06186710334858214,-0.025605702970811883,0.012108113278956797,0.01712399172224769,-0.020891364627684927,-0.037931499572010585,0.09347661051261658,0.9103881890542884,1,30,9,0,1,,0
AMZN,2025-12-31,0.7828696221113205,0.0,0.7828696221113205,0.7828696221113205,1,0.0,230.82000732421875,24383700,-0.005686189665289332,0.03711363163297299,-0.015357012511074575,0.009826578072961402,0.011073502577497623,0.00519540542247432,0.008949968673702235,0.11287738755391241,0.7281977004628938,2,31,12,0,1,,0
AMZN,2026-02-05,-0.0601768158376216,0.0,-0.0601768158376216,-0.0601768158376216,1,0.0,222.69000244140625,103509200,-0.07876553850434576,-0.04971406536887735,-0.07811721852915787,0.02140465763729194,0.01878882610662179,-0.06572520654189251,-0.06763799352183919,1.0177271300723785,2.1319377076394854,3,5,2,1,0,,0
AMZN,2026-02-06,-0.0215559732168912,0.0,-0.0215559732168912,-0.0215559732168912,1,0.0,210.32000732421875,179210900,-0.1211031983199391,-0.12058871005302552,-0.14604728954669766,0.024639445070451457,0.021204402200878037,-0.10681521703137786,-0.11274788849807871,0.7313523822037076,2.8403371173663055,4,6,2,0,0,,0
AMZN,2026-02-09,0.510662293061614,0.4724110499080835,-0.7878994010388851,0.9383876789361238,35,1.726287079975009,208.72000122070312,91004200,-0.14092856662408781,-0.12457007455891622,-0.15627780297127558,0.024489089789553362,0.021013709789048166,-0.10228728855167324,-0.11225854020141735,-0.4921949501955517,1.3205701523417779,0,9,2,0,0,,0
AVGO,2025-01-31,0.7356650084257126,0.0,0.7356650084257126,0.7356650084257126,1,0.0,219.28843688964844,41104700,-0.09574981959087381,-0.035482346176063495,-0.0455917893445118,0.06268618325033871,0.044417613382264964,-0.01937146548592561,-0.02674503514097437,-0.03167999623081541,1.049324616000039,4,31,1,0,1,0.6170938622268138,1
AVGO,2025-04-30,0.7371334582567215,0.0,0.7371334582567215,0.7371334582567215,1,0.0,191.3235321044922,22768900,0.08795432989385699,0.07555184035423457,0.14211954774227298,0.030005266995913694,0.05961620428067723,0.0605167104950477,0.1016762145988308,0.5563157894736843,1.007030090734389,2,30,4,0,1,,0
AVGO,2025-07-31,0.7371819168329239,0.0,0.7371819168329239,0.7371819168329239,1,0.0,292.6377258300781,25488500,0.017283788474546258,0.0253098548358055,0.0881808468928218,0.020049848797236126,0.01650760187593757,0.012493296390852171,0.03535802449887493,0.5227105723793082,1.4659363968165051,3,31,7,0,1,,0
AVGO,2025-10-31,0.7526096105575562,0.0,0.7526096105575562,0.7526096105575562,1,0.0,368.9241027832031,21598400,0.04376923409668354,0.05811123603225732,0.09238412789262918,0.02254247324243015,0.03278956352610797,0.027400683041126417,0.05002407782587048,-0.11100500919931011,1.1249447902864238,4,31,10,0,1,,0
AVGO,2025-12-18,-0.0068445820361375,0.0,-0.0068445820361375,-0.0068445820361375,1,0.0,329.2500305175781,54501900,-0.18822742737633236,-0.13424137081261556,-0.06923987806191045,0.04548844443521468,0.0440673910128549,-0.11177164528195904,-0.11958511138999384,-0.2564634267792073,1.080751320057014,3,18,12,0,0,,0
AVGO,2026-01-13,-0.0426913276314735,0.0,-0.0426913276314735,-0.0426913276314735,1,0.0,354.6099853515625,18308000,0.03153270117904183,0.014940240087792489,-0.012895545250959484,0.018808680252360946,0.023124428339935353,0.02531996390583169,0.0315616755341499,-0.12609309962958715,0.8245940536265384,1,13,1,0,0,,0
AXP,2026-01-30,-0.0596608091145753,0.0,-0.0596608091145753,-0.0596608091145753,1,0.0,352.1700134277344,5381200,-0.026320851971058046,-0.014550694687582744,-0.04594584897118403,0.019432376406860373,0.018411180405844094,-0.02084152222018254,-0.03551794388821328,0.27592175459395385,1.7444412387309265,4,30,1,0,1,,0
AXP,2026-02-06,-0.0169470347464084,0.0,-0.0169470347464084,-0.0169470347464084,1,0.0,359.1499938964844,3301700,0.019819917092919415,-0.007022611982020033,-0.06222261320759759,0.00994351022851375,0.017522001815687714,0.008774620143902068,0.001060554731611596,-0.18974698765613884,1.0282882832378764,4,6,2,0,0,,0
BA,2026-01-27,-0.04325364343822,0.0,-0.04325364343822,-0.04325364343822,1,0.0,244.55999755859375,20509200,-0.017831335106049173,0.01980734768507486,0.1299205082239825,0.01249004680488711,0.01586053896670068,-0.013154717699317975,0.030453047404224387,1.4216218769187172,2.1160062358071934,1,27,1,0,1,,0
BA,2026-01-30,-0.0103522986173629,0.0,-0.0103522986173629,-0.0103522986173629,1,0.0,233.72000122070312,6916100,-0.07309138656313963,-0.05659160394604812,0.07645544619027844,0.012206842373745691,0.018212663433051977,-0.04707152159346839,-0.02680126615104117,-0.2435220125786164,0.7111261459494364,4,30,1,0,1,,0
BAC,2026-01-06,-0.037847775965929,0.0,-0.037847775965929,-0.037847775965929,1,0.0,57.25,31791900,0.0343270384509089,0.035824127480321044,0.06116773290812372,0.009916452098134309,0.009367274554624888,0.022339688537211577,0.03579602121586345,-0.11925499908578652,1.3660421948180295,1,6,1,0,0,,0
BAC,2026-01-14,-0.0412710551172494,0.0,-0.0412710551172494,-0.0412710551172494,1,0.0,52.47999954223633,84750000,-0.056793671496696896,-0.05065121741842704,-0.05150916671791539,0.018310972729238793,0.014497825817556188,-0.054363302745482955,-0.05335690677442151,0.9463876423331847,2.144289018279969,2,14,1,0,0,,0
BMY,2026-01-12,-0.037334157153964,0.0,-0.037334157153964,-0.037334157153964,1,0.0,55.77000045776367,13249600,0.05107423698328062,0.032742913485446,0.10213033370270108,0.017411864587957564,0.015913550971361216,0.02226199861056899,0.03322315729793668,0.3977993227062211,1.127500787146954,0,12,1,0,0,,0
BMY,2026-02-05,-0.0597515888512134,0.0,-0.0597515888512134,-0.0597515888512134,1,0.0,59.52000045776367,23929600,0.09653651061734014,0.08336370486962719,0.04936528873060975,0.016226349945296693,0.015535720375489103,0.06708739266419306,0.06878317479404328,0.09800034872303143,1.7534053856017586,3,5,2,1,0,,0
C,2026-01-14,-0.0429911650717258,0.0,-0.0429911650717258,-0.0429911650717258,1,0.0,111.82711791992188,27984600,-0.07382381805212135,-0.04095205703799565,-0.0034574457054972196,0.021118822692139945,0.018612665761457706,-0.05608406250015696,-0.04580812103884291,0.5265187674214364,1.8961169192826024,2,14,1,0,0,,0
C,2026-02-03,-0.037719989195466,0.0,-0.037719989195466,-0.037719989195466,1,0.0,117.70999908447266,15332100,0.030782742908964877,0.04896759690832164,-0.040360504102161965,0.010117528280489145,0.019804682747264532,0.02623277957971104,0.01413403231974053,0.30223294291514136,1.2104429630237823,1,3,2,1,0,,0
CAT,2026-01-06,-0.0368377566337585,0.0,-0.0368377566337585,-0.0368377566337585,1,0.0,621.6355590820312,2706800,0.07687386244903416,0.08134050894858569,0.033025572179844254,0.016991915552436336,0.022325895633960657,0.05643212186575575,0.055154793336554375,-0.2142359498374361,1.3602283462984182,1,6,1,0,0,,0
CAT,2026-01-29,-0.0353249292820692,0.0,-0.0353249292820692,-0.0353249292820692,1,0.0,665.239990234375,4441900,0.02595582700282173,0.04390829407408514,0.1548458572670377,0.020816366762294397,0.021763155649549414,0.03558490418568905,0.0603738812772745,0.6326313081192341,1.7687017946236945,3,29,1,0,1,,0
CHTR,2026-01-30,-0.047759560868144,0.03182080740545226,-0.0702602695673704,-0.0252588521689176,2,0.0450014173984528,206.1199951171875,7196300,0.07527775310134954,0.05914390047139073,-0.012598825785928192,0.03872478425940766,0.0314083315526814,0.08317741664558032,0.0407472694028872,0.9125362106997634,2.629006272673138,4,30,1,0,1,,0
CI,2025-11-18,-0.0552338417619466,0.0,-0.0552338417619466,-0.0552338417619466,1,0.0,271.0871887207031,2048200,0.01720141687018173,0.030038491709410975,-0.1134634913110194,0.020174640036076646,0.04546838664748507,0.024156542021082528,-0.01013436963885428,0.022413018519442884,0.7847148790093942,1,18,11,0,0,0.08599744342695614,1
CI,2026-02-03,0.11423216499388214,0.4377878083940289,-0.5987322684377432,0.505237489938736,5,1.1039697583764791,275.3900146484375,1419900,0.019623156660405927,0.015300193789553385,-0.03021441185823437,0.01643762072146694,0.016000095236728188,0.001531122953833286,-0.0016041857660261671,-0.24896858140272926,0.9211337230046643,1,3,2,1,0,,0
CI,2026-02-04,-0.0980146317026363,0.6921028467560967,-0.961691758595407,0.852756246458739,13,1.814448005054146,271.7099914550781,4096100,-0.002459848064187531,-0.01164021739625154,-0.045828128469611484,0.016476507451308884,0.01618365365283632,-0.010700969593592458,-0.012609960194234326,1.884780618353405,2.238550661274456,2,4,2,1,0,,0
CI,2026-02-05,-0.14593714501031418,0.8024543386247023,-0.961373151279986,0.9415197232738136,11,1.9028928745537996,284.5299987792969,3927100,0.048881226463118654,0.014765091175055645,0.019382357970585407,0.021743249792980084,0.01903321620004486,0.034417563518939875,0.032962359026107224,-0.04125875833109538,1.8882739586388617,3,5,2,1,0,,0
CI,2026-02-06,-0.38800585168329155,0.7899503623020986,-0.9641518192365766,0.7429205356165767,11,1.7070723548531532,292.04998779296875,2865800,0.06544819014308123,0.04602426584569419,0.02867100146477064,0.02294532109612369,0.019549867511486983,0.056819625461626666,0.05869874161861799,-0.2702503119350157,1.2658630422587471,4,6,2,0,0,,0
CI,2026-02-09,-0.009793731849640608,1.341984974329817,-0.958720407448709,0.9391329437494278,2,1.8978533511981368,294.3999938964844,1730900,0.08418643526624425,0.049891195220099105,0.055386201876149954,0.022967946044328804,0.01906682907120147,0.059957432490102214,0.06423741168926833,-0.3960150743247959,0.7510630912088866,0,9,2,0,0,,0
CL,2026-02-03,0.5632331378292292,0.6244315123123846,-0.9074973352253436,0.9412063900381328,8,1.8487037252634764,93.1500015258789,8905500,0.08617069969179059,0.0969147849080294,0.21825553781680296,0.020528569569131846,0.01751231617255939,0.06611883726082302,0.10294313563021107,-0.2226819241142738,1.1061619886694631,1,3,2,1,0,,0
CL,2026-02-04,0.3008857592474669,0.7265732088278759,-0.7903209254145622,0.9389008032158016,10,1.729221728630364,94.37000274658203,10097400,0.11023532643037681,0.1137731500970085,0.22989470004197998,0.020124992447866044,0.017454648467087296,0.06829530607973955,0.10584001456398262,0.13383863904328797,1.2022947118750624,2,4,2,1,0,,0
CL,2026-02-05,0.6204789402894676,0.5870400796878689,-0.8026791214942932,0.940167723223567,10,1.7428468447178602,94.87999725341797,8788500,0.11309244053542877,0.1056986359734009,0.23830582634817654,0.020188492122686842,0.017274104029390495,0.0631526712592354,0.10004769278068637,-0.12962742884306855,1.0510510510510511,3,5,2,1,0,,0
CL,2026-02-06,0.3924441271062408,0.5427941712846663,-0.7138814628124237,0.8665072061121464,7,1.58038866892457,94.41000366210938,5789500,0.045630775332880846,0.08942995237131002,0.1745778778942868,0.020757683091264308,0.015077076409742502,0.04877862902342733,0.0857663476640198,-0.34124139500483586,0.6887293214657045,4,6,2,0,0,,0
CL,2026-02-09,0.4745524384613548,0.683369179014687,-0.9660553680732846,0.934248685836792,7,1.9003040539100766,94.16000366210938,5679800,0.024703496436377703,0.1051644018169422,0.16269740930260435,0.01923908606411501,0.015270819289036204,0.03569270982680939,0.07474837811745472,-0.018948095690474176,0.6873941036936632,0,9,2,0,0,,0
CMCSA,2026-01-29,-0.0361268520355224,0.0,-0.0361268520355224,-0.0361268520355224,1,0.0,29.239999771118164,65923400,0.0003421221018968801,0.028852909663016124,0.053214023616173556,0.01770876088726926,0.01677444413848408,0.016937359414879172,0.032698144798212425,0.419881625198153,1.5454823580987702,3,29,1,0,1,,0
CMCSA,2026-02-03,-0.00698565505445,0.0,-0.00698565505445,-0.00698565505445,1,0.0,29.760000228881836,37200800,0.03693377831930822,0.056818195672567295,0.07034750940707113,0.016506530873497655,0.016557637583060475,0.018132066594565455,0.03960221484394566,0.18687825826170745,0.87294448872952,1,3,2,1,0,,0
COF,2026-02-06,-0.0610886309295892,0.0,-0.0610886309295892,-0.0610886309295892,1,0.0,222.7899932861328,3387600,0.017631209699385142,0.02526456584111214,-0.12863736049677954,0.018498533392966227,0.028591836605461482,0.009863365106604238,-0.019103704533291577,-0.4914964199402573,0.6166437005903223,4,6,2,0,0,,0
COF,2026-02-09,-0.0558209735900163,0.0,-0.0558209735900163,-0.0558209735900163,1,0.0,222.75999450683594,3039600,-0.004113010546628715,0.011717694235978016,-0.10609952955536239,0.01812686448563656,0.028269440573271187,0.008547925774051057,-0.013493841899362424,-0.10272759475735038,0.599578661659,0,9,2,0,0,,0
COP,2025-11-06,-0.0853265821933746,0.0,-0.0853265821933746,-0.0853265821933746,1,0.0,84.87249755859375,13101800,-0.028137039183581236,-0.049067480907678096,-0.06840670478042077,0.013706210886212178,0.016892714692486266,-0.02485114798790966,-0.023878839412219244,1.0520941014315697,1.967219514538908,3,6,11,0,0,,0
COP,2026-02-05,-0.072544889524579,0.0,-0.072544889524579,-0.072544889524579,1,0.0,104.9800033569336,10441000,0.021206228020034246,0.08360865331496337,0.11752182913145437,0.018592388386426652,0.02211016653433767,0.024835043466120643,0.050031037673849976,0.007128319395009131,1.1646415668059864,3,5,2,1,0,,0
COST,2025-02-28,0.7495182603597641,0.0,0.7495182603597641,0.7495182603597641,1,0.0,1042.8946533203125,3307100,0.013120630873677097,-0.02623338572183931,0.07227582239069474,0.016881828008619836,0.015072964023555022,0.0030870600770906975,0.005586693443177859,1.0300165735682278,1.740295004499266,4,28,2,0,1,-0.04001811692380297,-1
COST,2025-12-17,-0.0579926297068595,0.0,-0.0579926297068595,-0.0579926297068595,1,0.0,861.47314453125,2363700,-0.013449000572315795,-0.06463464829933918,-0.03623138133848425,0.013220544879772506,0.011946817069454588,-0.018986784636074283,-0.032627530181941866,-0.3849816563890407,0.7250124224745569,2,17,12,0,0,0.15800478887624925,1
COST,2026-01-21,-0.0373433195054531,0.0,-0.0373433195054531,-0.0373433195054531,1,0.0,981.5191040039062,4073700,0.04345338677039501,0.10545502414907681,0.14871087256675364,0.012694811168495072,0.012487005996651555,0.042685116915408994,0.08654882336014613,0.2691049565407022,1.2542759055990886,2,21,1,0,0,,0
COST,2026-02-04,-0.9314500577747822,0.0,-0.9314500577747822,-0.9314500577747822,1,0.0,978.3499755859375,2631500,0.019678314375674688,-0.0032287995262048064,0.10188573149086344,0.012842684278200943,0.01352457250525561,0.010903244253465338,0.024913957981508972,-0.11118992130239469,1.1425804994963353,2,4,2,1,0,,0
COST,2026-02-05,0.3545605552529818,0.7575048574535775,-0.9603940173983574,0.9365192241966724,19,1.8969132415950298,989.2899780273438,2988800,0.039617916919218565,0.014824800965755225,0.12243817944064528,0.013079887186112082,0.013270928927276134,0.02068311051578231,0.030549453866127285,0.13577807334220027,1.248162501670453,3,5,2,1,0,,0
COST,2026-02-06,0.18907045510907963,0.8951766481559646,-0.9342815205454826,0.9408149104565382,6,1.8750964310020208,1001.1599731445312,2358600,0.06478061488384079,0.019606106321705008,0.09528766032591252,0.013392192226446591,0.011187906905294687,0.03088220607291947,0.03820461759892124,-0.2108538543897216,0.957861563703114,4,6,2,0,0,,0
COST,2026-02-09,0.7399075025692582,0.3769895201373254,-0.179400086402893,0.940274104475975,10,1.119674190878868,997.5900268554688,1861100,0.03018509846138917,0.02176898246168557,0.08008915344864631,0.013273553307485126,0.011242183408296358,0.024963162000519956,0.03054996017857592,-0.2109302128381243,0.7746191625738783,0,9,2,0,0,,0
CRM,2025-01-31,0.7648001983761787,0.0,0.7648001983761787,0.7648001983761787,1,0.0,339.4837341308594,5778000,0.023421612109863377,0.06781253800605103,0.022044201778199435,0.021745682722811074,0.018168570358115033,0.005331203728123679,0.02822273870687919,-0.23884549011342227,0.7702839438857879,4,31,1,0,1,-0.27224431269368243,-1
CRM,2025-04-30,0.7414238676428795,0.0,0.7414238676428795,0.7414238676428795,1,0.0,267.3865966796875,4624100,0.07278017990265084,0.05405403129419217,-0.00395191853293253,0.028739623085996036,0.03529389325114125,0.04887400451245516,0.053763807163387245,0.4727371170138226,0.7554126662843943,2,30,4,0,1,,0
CRM,2025-07-31,0.7732962891459465,0.0,0.7732962891459465,0.7732962891459465,1,0.0,257.46533203125,7340300,-0.03500203714349703,-0.005964361815877783,-0.04041470672938463,0.011339154298436849,0.012350344972466277,-0.02629428447820026,-0.024564417153229656,0.8686166692123618,1.3456144660475382,3,31,7,0,1,,0
CRM,2025-10-31,0.7831566110253334,0.0,0.7831566110253334,0.7831566110253334,1,0.0,259.9903564453125,6878300,0.021896976698409842,0.07129342371013458,0.08341658799016805,0.0220968765421581,0.023347837648465847,0.01625005544612601,0.04381118350685598,-0.11451118720873354,0.8793778398267402,4,31,10,0,1,,0
CRM,2025-12-03,-0.0735670942813158,0.0,-0.0735670942813158,-0.0735670942813158,1,0.0,238.33529663085938,13782000,0.019648058349080122,0.022355485782002082,-0.06178275633483399,0.018128076213339225,0.019992554517084853,0.03510027214922751,0.01047000210707294,0.807190999449267,1.6655306930405904,2,3,12,1,0,,0
CRM,2025-12-04,-0.1101315962150693,0.0,-0.1101315962150693,-0.1101315962150693,1,0.0,247.06121826171875,20912100,0.08463738672082188,0.08592241445279658,-0.020658503170940423,0.018451149771249415,0.02182781259998346,0.0639642906457123,0.04862378104048659,0.5173487157161516,2.225880204109003,3,4,12,1,0,,0
CSCO,2025-01-31,0.7734831720590591,0.0,0.7734831720590591,0.7734831720590591,1,0.0,59.16251754760742,16554200,-0.026193097348611194,0.013039179133237377,0.030624072151863357,0.0189682401675871,0.013632603968595579,-0.0007914500713899209,0.012049392680599347,-0.030727794367351735,0.8109087809671418,4,31,1,0,1,0.2777597202777544,1
CSCO,2025-04-30,0.73785649985075,0.0,0.73785649985075,0.73785649985075,1,0.0,56.73688507080078,19921200,0.037749470580268785,0.009265718321511685,-0.05962085733560696,0.014286626066251473,0.031226618291122516,0.028193851303939477,0.02268399883752914,0.4793702658547452,1.0059312028939988,2,30,4,0,1,,0
CSCO,2025-07-31,0.7388813123106956,0.0,0.7388813123106956,0.7388813123106956,1,0.0,67.31119537353516,18529200,-0.0030750883604843127,-0.0032210601976720987,-0.0014665718831301522,0.0057473521782843645,0.008110846745696806,-0.002330011593743686,-0.003169963654613195,0.1940302354654535,1.208055266513844,3,31,7,0,1,,0
CSCO,2025-10-31,0.7912111803889275,0.0,0.7912111803889275,0.7912111803889275,1,0.0,72.72086334228516,24008000,0.03511251375247726,0.04249256246723632,0.07641344023157015,0.011357754073574668,0.013170603741026384,0.023533805095859117,0.04050433682246979,0.3262769448342153,1.4409033374005282,4,31,10,0,1,,0
CSCO,2025-11-18,-0.0949922483414411,0.0,-0.0949922483414411,-0.0949922483414411,1,0.0,76.95819854736328,26025500,0.07892914271839824,0.06982858883444276,0.09403285765029024,0.018861452115368424,0.017303498471323092,0.04202027369761385,0.058275677684185734,-0.09382279309612429,0.8620384125548805,1,18,11,0,0,,0
CSCO,2025-12-17,-0.0548029374331235,0.0,-0.0548029374331235,-0.0548029374331235,1,0.0,75.5954818725586,26094400,-0.05295950066437005,-0.022508026848434226,-0.017707231984725014,0.011781576148902682,0.013542851952296231,-0.029646885007137302,-0.018962459824019562,0.47116794082493296,1.4788644191037745,2,17,12,0,0,,0
CVX,2026-01-30,-0.0347014591097831,0.0,-0.0347014591097831,-0.0347014591097831,2,0.0,176.89999389648438,22946600,0.06106041627425984,0.06463643474764869,0.16068492648729893,0.010593284625105944,0.019176718262255567,0.049079578950660396,0.07254369829585872,0.3669593604422574,1.9652152465061945,4,30,1,0,1,,0
D,2026-02-02,0.32029778473079207,0.848203954203308,-0.940994318574667,0.9199400320649148,5,1.8609343506395817,60.029998779296875,6022800,-0.0034861038067498518,-0.01799447521017805,0.0133355347475832,0.009302946625982226,0.011719320304042399,-0.00719426103477927,0.0054855126276638355,-0.2670317634173056,1.1239565779676295,0,2,2,1,0,0.03881395766175255,1
D,2026-02-03,0.4700238710890214,0.5957032699349204,-0.7166474219411612,0.8829896915704012,6,1.5996371135115623,61.43000030517578,7696100,0.004907561456219733,0.005565561495149085,0.04668600685943547,0.012247534480077142,0.01249542096701825,0.015388692740147869,0.026579437632044067,0.2778275884970445,1.4021231979507696,1,3,2,1,0,,0
D,2026-02-04,0.6669763459690979,0.6203033613506242,-0.7377257645130157,0.9358800314366816,7,1.6736057959496975,62.33000183105469,5492700,0.02668428217776686,0.023145169147889888,0.0614782107511056,0.012930709607237353,0.012782127067872559,0.027869420748915852,0.03848720013036311,-0.28630085367913616,1.0288575367509327,2,4,2,1,0,,0
D,2026-02-05,0.38497622155894834,0.8026682906772439,-0.9482092652469872,0.9390499386936426,9,1.88725920394063,62.52000045776367,3495500,0.02778232082587606,0.043217088927066216,0.09530480820253451,0.011162813447120999,0.010502220207887897,0.026617847344772017,0.036953500461957445,-0.3636098822072933,0.6699620121668398,3,5,2,1,0,,0
D,2026-02-06,0.6352302383165807,0.415805616133796,0.0226989816874265,0.9331226935610176,4,0.9104237118735912,62.33000183105469,3658700,0.03589835013862741,0.045805426624616175,0.0783737483354423,0.010947261770973476,0.010457841879540134,0.018930251062291736,0.02993302361451322,0.04668859962809324,0.7232390482271382,4,6,2,0,0,,0
D,2026-02-09,0.3824224672280252,0.28240911127696605,-0.0047232508659362,0.6683027148246765,4,0.6730259656906127,62.36000061035156,3374700,0.03881395766175255,0.03519254436944297,0.07554330980848944,0.010781490594858311,0.010483886690299633,0.015899912148362727,0.026713322321819888,-0.07762319949708918,0.6816446568447248,0,9,2,0,0,,0
DE,2025-12-18,-0.0176030211150646,0.0,-0.0176030211150646,-0.0176030211150646,1,0.0,473.4123840332031,1927500,-0.0018699845063390175,-0.016520699072182676,0.0005897972430075615,0.013704558933144713,0.019058516303859154,-0.002720722153465527,-0.0050121254385321334,0.17423088638440443,1.2288027540481958,3,18,12,0,0,,0
DE,2026-01-22,-0.0549387577921152,0.0,-0.0549387577921152,-0.0549387577921152,1,0.0,522.3800048828125,1159300,0.020074262423294797,0.0992844938211539,0.11821793250104218,0.02492208795299038,0.020880033286120106,0.028054142499497114,0.06874435786315569,-0.2846476613599901,0.7998482130536774,3,22,1,0,0,,0
DHR,2026-01-12,-0.0452523734420537,0.0,-0.0452523734420537,-0.0452523734420537,1,0.0,239.0,3615800,0.015465666979133763,0.037686663771083095,0.02995598172407421,0.008750367245357526,0.011131963236419183,0.021144966528370723,0.03694441659321179,0.4257324238003233,1.5163702395880077,0,12,1,0,0,,0
DHR,2026-01-28,-0.0502515360713005,0.0,-0.0502515360713005,-0.0502515360713005,1,0.0,224.5399932861328,7764000,-0.0723404649653353,-0.04678215480843595,-0.026405981302277337,0.021607509850555606,0.016883737902748535,-0.04948570039343492,-0.04608158584835487,0.8058753750610566,1.8561995247134653,2,28,1,0,1,,0
DIS,2026-02-02,-0.0667448071762919,0.0,-0.0667448071762919,-0.0667448071762919,1,0.0,104.44999694824219,37778500,-0.06162968970276406,-0.06070144051480297,-0.06616005030693906,0.027579992127276024,0.021843689092369237,-0.05733601921145215,-0.06889469049372443,1.111096830434977,2.763543767478572,0,2,2,1,0,,0
DIS,2026-02-03,-0.0342058632522821,0.0,-0.0342058632522821,-0.0342058632522821,1,0.0,104.22000122070312,24827100,-0.0577705393218344,-0.055464884178955676,-0.08635047339767832,0.027594346254148576,0.02116599273946148,-0.0541877206456397,-0.06684811736701057,-0.34282462247045276,1.6364625079097237,1,3,2,1,0,,0
EMR,2026-02-03,-0.1083245752379298,0.0,-0.1083245752379298,-0.1083245752379298,1,0.0,152.10000610351562,4908500,0.029999376918133702,0.04737642766134109,0.06475323489518803,0.017448217003143793,0.01623818511457206,0.02002497826722127,0.03135428880857716,0.08257427052777833,1.4875955413047564,1,3,2,1,0,,0
EMR,2026-02-06,-0.0649061854928731,0.0,-0.0649061854928731,-0.0649061854928731,1,0.0,157.3800048828125,3400800,0.07090363155217583,0.06568264279594582,0.09405629617812172,0.025715101883896533,0.020945002889885416,0.042755777661128036,0.05498838843982856,-0.3945738090151677,0.768789080337645,4,6,2,0,0,,0
EOG,2025-12-11,-0.0518144611269235,0.0,-0.0518144611269235,-0.0518144611269235,1,0.0,108.47593688964844,3403800,-0.023626962346878555,0.031167709390607534,0.00708115101197504,0.014799374530569636,0.012810509803643214,-0.0075311549421749335,0.004453175794607578,-0.27667984189723316,0.9662255377854989,3,11,12,0,0,,0
EOG,2026-01-12,-0.0524923000484705,0.0,-0.0524923000484705,-0.0524923000484705,1,0.0,104.44436645507812,3249500,-0.0071562301803580475,0.01874399132063731,-0.03716557376841645,0.016260396704900013,0.017789233399767405,0.0020337511190755553,0.00801135468602121,0.29865718168012156,0.9497657371170029,0,12,1,0,0,,0
GE,2026-01-22,-0.0587372537702322,0.0,-0.0587372537702322,-0.0587372537702322,1,0.0,295.0,13939000,-0.07488711903271683,-0.08849342897091528,-0.061616737007357925,0.03164679281216616,0.02511276498452816,-0.07151243399124962,-0.07104137331070814,0.42468749680597706,2.235168098623846,3,22,1,0,0,,0
GE,2026-01-29,-0.0242334734648466,0.0,-0.0242334734648466,-0.0242334734648466,1,0.0,298.8599853515625,6149900,0.013084696106991478,-0.06278229812059655,-0.04147029359183729,0.03007604238510241,0.0259421405078327,-0.019694070447072276,-0.04505831110257341,-0.1845039979844324,0.7782900373458739,3,29,1,0,1,,0
GILD,2025-11-07,-0.0586422095075249,0.0,-0.0586422095075249,-0.0586422095075249,1,0.0,118.06023406982422,9065500,-0.007930584847775979,-0.01736403545451992,0.01416624814960632,0.016489628299131427,0.016030211969092545,-0.013735027534064415,-0.014156385898674406,0.4891991786447638,1.25526343847056,4,7,11,0,0,,0
GILD,2025-11-19,-0.0368341486901044,0.0,-0.0368341486901044,-0.0368341486901044,1,0.0,127.22968292236328,6881900,0.03784447476804753,0.04478715630173413,0.054421260295328455,0.020039810426324776,0.01584607501921941,0.03624057483177001,0.049625117252203976,-0.1585890695684069,0.9601266794090154,2,19,11,0,0,,0
GOOG,2025-03-31,0.7843975499272346,0.0,0.7843975499272346,0.7843975499272346,1,0.0,155.8014373779297,33591600,-0.08062140919898764,-0.062076058843030246,-0.07264325657555648,0.024362802788506447,0.02257678931913938,-0.05112726207984453,-0.06587716266341603,-0.03656518434600553,1.3736210262369974,0,31,3,0,1,,0
GOOG,2025-06-30,0.7649390175938606,0.0,0.7649390175938606,0.7649390175938606,1,0.0,177.1160430908203,43964600,0.06855009868976114,0.008585440368000796,0.027499235847104897,0.019107693028708836,0.016795811264733347,0.02406757216622668,0.02163562740194047,-0.40630979661891264,1.2364781384794992,0,30,6,0,1,,0
GOOG,2025-09-30,0.7753370627760887,0.0,0.7753370627760887,0.7753370627760887,1,0.0,243.39120483398438,22541200,-0.034833904746483735,-0.0313022012571359,0.14990173031493814,0.009157158558601062,0.023612155129405923,-0.02272352229943231,-0.0037705346931848904,-0.026600798023940664,1.0363488990413594,1,30,9,0,1,,0
GOOG,2025-12-31,0.7648511007428169,0.0,0.7648511007428169,0.7648511007428169,1,0.0,313.79998779296875,10821500,-0.005955413477037652,0.01972500760385798,-0.0063770034007528675,0.0143492064730807,0.013951419872602898,0.008743706129570539,0.0016369021396387406,-0.020900248812485867,0.6346589532863094,2,31,12,0,1,,0
GOOGL,2025-03-31,0.7829711362719536,0.0,0.7829711362719536,0.7829711362719536,1,0.0,154.21412658691406,54603500,-0.07776718153690554,-0.05873753417655925,-0.07300099390339876,0.02395735638576219,0.022401369587807238,-0.04887261183463365,-0.06414233365760214,0.12192901890925079,1.5474949900935495,0,31,3,0,1,1.1479873947430472,1
GOOGL,2025-06-30,0.7579130008816719,0.0,0.7579130008816719,0.7579130008816719,1,0.0,175.95741271972656,63378900,0.06683210062736689,0.008931036860158281,0.027386288342189147,0.0206925837847264,0.01797595919524074,0.02244105499368132,0.021576286457430705,-0.4139191530994024,1.2837020681978053,0,30,6,0,1,,0
GOOGL,2025-09-30,0.7793760448694229,0.0,0.7793760448694229,0.7793760448694229,1,0.0,242.94110107421875,34724300,-0.03401411806048649,-0.03209104457087497,0.15125349512723107,0.008928022754487763,0.023964187251205468,-0.022552415723000374,-0.00393470300141241,0.068249358576008,1.0691239103414154,1,30,9,0,1,,0
GOOGL,2025-12-31,0.7745282202959061,0.0,0.7745282202959061,0.7745282202959061,1,0.0,313.0,16377700,-0.004294595442352445,0.020973978282817107,-0.0082494198002514,0.014542855503981727,0.014017542044335272,0.010172726272853483,0.0025795711532605736,-0.057718530110638655,0.6211273641614551,2,31,12,0,1,,0
GOOGL,2026-02-04,-0.0541928634047508,0.0,-0.0541928634047508,-0.0541928634047508,1,0.0,333.0400085449219,70618400,-0.008839026024179408,0.014190887364693205,0.0594897640290426,0.01169118893072004,0.013099559456790482,-0.007326399995415511,0.001955557109432071,0.9343956040945909,2.0856789877700597,2,4,2,1,0,,0
GOOGL,2026-02-05,-0.0215909406542778,0.0,-0.0215909406542778,-0.0215909406542778,1,0.0,331.25,88205800,-0.020694752402069527,0.0021479743350996117,0.028790573008786957,0.0117221117806413,0.01220674118352548,-0.012870677091740834,-0.004817435792162983,0.24904840664755934,2.2021759163208205,3,5,2,1,0,,0
GS,2026-01-23,-0.0447691064327955,0.0,-0.0447691064327955,-0.0447691064327955,1,0.0,918.8800048828125,3872600,-0.058389503949403565,-0.01706193844382975,0.019041579323465507,0.022447141591337837,0.020981953560673894,-0.02939858652183669,-0.013793661524458267,0.5689340841874975,1.485866883577806,4,23,1,0,0,,0
GS,2026-02-02,-0.0497755706310272,0.0,-0.0497755706310272,-0.0497755706310272,1,0.0,946.3300170898438,1802000,0.015528117920872164,-0.016288963524070943,0.034986973439621316,0.015985999641352885,0.01869522634655099,0.007789025742168887,0.003152063834097385,-0.04842372075830381,0.7637243641634421,0,2,2,1,0,,0
HD,2025-01-31,0.8182907924056053,0.0,0.8182907924056053,0.8182907924056053,1,0.0,401.95867919921875,2761000,-0.006079559020303993,0.006474074588026957,0.059101897024766537,0.01500958385659821,0.013468268192720328,-0.0073727659262500245,0.020243681981862327,-0.1039496316489793,0.8811711501820747,4,31,1,0,1,-0.1322143720378014,-1
HD,2025-04-30,0.769596517086029,0.0,0.769596517086029,0.769596517086029,1,0.0,353.9531555175781,3741500,0.011418899781223235,0.018016918882875155,-0.013761278321439474,0.016250039615497515,0.022539512141462652,0.014770083998263406,0.017749614948104897,0.3188691881983856,1.2258089880646208,2,30,4,0,1,,0
HD,2025-07-31,0.800881639122963,0.0,0.800881639122963,0.800881639122963,1,0.0,363.08837890625,3091600,-0.01495621164721006,0.023590621565409586,-0.011671445765527921,0.011383170639162643,0.01155003900536369,-0.010311380401793246,-0.004012340148544125,-0.006140097084257556,0.9751266377749601,3,31,7,0,1,,0
HD,2025-10-31,0.8075242266058922,0.0,0.8075242266058922,0.8075242266058922,1,0.0,377.1506652832031,2643500,-0.018335563400839083,-0.031411081603118673,-0.03915865613933356,0.007899389041488666,0.00999529740841045,-0.013711259052661684,-0.013631804257894675,0.10871115212011917,0.9634518802527899,4,31,10,0,1,,0
HD,2025-11-24,-0.0540008377283811,0.0,-0.0540008377283811,-0.0540008377283811,1,0.0,334.41705322265625,6132900,-0.05991120002642292,-0.09138030091755167,-0.12637890256062168,0.02340552691592344,0.01819654400874582,-0.04301571015538841,-0.07607848210608603,-0.1758294921586282,1.163265770635833,0,24,11,0,0,,0
HD,2025-11-25,-0.090497420169413,0.0,-0.090497420169413,-0.090497420169413,1,0.0,348.81396484375,6316600,0.04336068815819161,-0.06191209648554852,-0.08990274485435856,0.028243251207332908,0.021281505896963624,0.00480266716735378,-0.031693932139587044,0.02995320321544459,1.1154020699020142,1,25,11,0,1,,0
HON,2025-12-22,-0.0410750228911638,0.0,-0.0410750228911638,-0.0410750228911638,1,0.0,195.9600067138672,4384000,-0.007546164889359663,0.020678166087372052,0.03125987952767928,0.010847557236946134,0.009850758029588241,0.0005667946440341964,0.011996703439021372,-0.4427000572046018,0.9467537403683356,0,22,12,0,0,,0
HON,2026-01-29,-0.0416404958814382,0.0,-0.0416404958814382,-0.0416404958814382,1,0.0,227.24000549316406,6945200,0.021119854178247355,0.06665420885532658,0.1572621958995073,0.020648954777595246,0.018065539178206108,0.03356683018842488,0.07197530071869362,0.35980420949583936,1.2530355242030058,3,29,1,0,1,,0
IBM,2025-03-31,0.6723562777042389,0.0,0.6723562777042389,0.6723562777042389,1,0.0,244.01194763183594,6795000,0.000845221404197849,-0.017037635594330913,-0.006115365212461921,0.019398020115859865,0.02097710842144143,0.0050970206978788735,-0.003642299395652082,1.1741912776373469,1.3650279634867575,0,31,3,0,1,0.2898139375584645,1
IBM,2025-06-30,0.6923293173313141,0.0,0.6923293173313141,0.6923293173313141,1,0.0,291.19482421875,3495400,0.019365207494133285,0.06334320837527185,0.13788319404352722,0.013073446078120988,0.011372026664702847,0.023719486712480364,0.05317321831994781,-0.018835087719298205,0.8627933038116536,0,30,6,0,1,,0
IBM,2025-09-30,0.6953737288713455,0.0,0.6953737288713455,0.6953737288713455,1,0.0,280.6128234863281,5926900,0.036438535213198175,0.09568198543780948,0.16836443647106747,0.01972036453348294,0.016059195956721624,0.033806907356008775,0.07174540256630113,-0.015808438916656953,0.9128855030966547,1,30,9,0,1,,0
IBM,2025-12-31,0.6650922298431396,0.0,0.6650922298431396,0.6650922298431396,1,0.0,296.2099914550781,3430100,-0.024919373739673123,-0.02298964769801548,-0.018457178563024312,0.0083054928416171,0.008717136987820718,-0.020783705836603605,-0.030039303747903978,0.8209375165896906,0.8769853038933945,2,31,12,0,1,,0
IBM,2026-01-30,-0.0368401333689689,0.0,-0.0368401333689689,-0.0368401333689689,1,0.0,306.70001220703125,5940700,0.048762172228753675,0.02936734231083049,0.03541413542609684,0.026473261445268407,0.024432314067694028,0.028518189201409916,0.022863550597385318,-0.413258402552124,1.0967500147693034,4,30,1,0,1,,0
IBM,2026-02-02,-0.0315059479326009,0.0,-0.0315059479326009,-0.0315059479326009,1,0.0,314.7300109863281,4581200,0.06209302213016277,0.029639798346577706,0.07969128983302953,0.02649925549191816,0.02461863044776504,0.05224976406427495,0.045593802285339935,-0.2288450855959735,0.871812438151785,0,2,2,1,0,,0
INTC,2025-03-31,0.761707678437233,0.0,0.761707678437233,0.761707678437233,1,0.0,22.709999084472656,65832000,-0.06234518049921034,-0.11599849698852005,-0.001319291422492097,0.026415020939464077,0.046828596241029585,-0.05034711288638993,-0.005038375269544093,0.127930465533459,0.8297920452800851,0,31,3,0,1,,0
INTC,2025-06-30,0.726930521428585,0.0,0.726930521428585,0.726930521428585,1,0.0,22.399999618530273,77102400,0.057102362150859065,0.11221451327567733,0.1457800763524859,0.025730707457114935,0.031334597246183996,0.02922255473943358,0.06130956482565719,-0.1930033158053388,0.8430088641098891,0,30,6,0,1,,0
INTC,2025-09-30,0.740851640701294,0.0,0.740851640701294,0.740851640701294,1,0.0,33.54999923706055,124818400,0.14349008393244067,0.32766120416721334,0.3857910163482079,0.08157788559729924,0.05894764213285045,0.0756997435863942,0.20378174526625292,-0.1820866689951044,0.6013859517293175,1,30,9,0,1,,0
INTC,2025-12-31,0.7483026161789894,0.0,0.7483026161789894,0.7483026161789894,1,0.0,36.900001525878906,51524700,0.015130758592724058,-0.010989006494800502,-0.15113870509152816,0.01544725259963426,0.02374981350657704,0.010654374016803247,-0.03466312899605761,-0.16808831151217485,0.8690715984229949,2,31,12,0,1,,0
INTC,2026-01-23,-0.014167904853820799,0.013677613816766769,-0.0238394383341074,-0.0044963713735342,2,0.0193430669605732,45.06999969482422,294675400,-0.06725993419962961,0.09632690405447297,0.2398900023864159,0.08314456969669877,0.061318184094730374,-0.06706687060043937,0.03743941796765293,0.5503813404157705,1.7125655501845098,4,23,1,0,0,,0
JNJ,2025-10-22,-0.1103274142369628,0.0,-0.1103274142369628,-0.1103274142369628,1,0.0,191.72271728515625,6343100,0.009258785492365806,0.01713320033559218,0.09196898205092618,0.004906276085988947,0.006564535141423953,0.00562912651623626,0.023421383223224623,-0.055524121500893364,0.7239444592814768,2,22,10,0,0,,0
JNJ,2026-01-21,-0.0565183740109205,0.0,-0.0565183740109205,-0.0565183740109205,1,0.0,218.00999450683594,14762900,0.020407211490321986,0.06455394137462633,0.05640354540415937,0.012849584874426872,0.0106072539204328,0.021602591133992988,0.038048907296185375,0.05020950267124791,1.4385384358285513,2,21,1,0,0,,0
JPM,2026-01-22,-0.0672356206923723,0.0,-0.0672356206923723,-0.0672356206923723,1,0.0,303.6300048828125,10535800,-0.013772015141524596,-0.07143945089823356,-0.055991799209675785,0.017433556436069926,0.01593802251518477,-0.03067314818282474,-0.05029128806800087,0.02587121839125217,0.754100895118149,3,22,1,0,0,,0
JPM,2026-02-05,-0.0645499732345342,0.0,-0.0645499732345342,-0.0645499732345342,1,0.0,310.1600036621094,9388000,0.012205437211943115,0.0215064343914797,-0.05146942437045998,0.014557761348357904,0.01636944650909894,0.012744197943894697,0.0013317347937724655,-0.046787425879294964,0.8593756436392197,3,5,2,1,0,,0
KO,2026-01-14,-0.0334975235164165,0.0,-0.0334975235164165,-0.0334975235164165,1,0.0,71.44000244140625,16739100,0.05774358118171574,0.019551915977576773,0.006622533642651529,0.013028998331452369,0.00963289108949259,0.027307649896052943,0.02264596000368213,-0.08653300445298173,0.9444792389593243,2,14,1,0,0,,0
LLY,2025-11-21,-0.0322376284748315,0.0,-0.0322376284748315,-0.0322376284748315,1,0.0,1059.699951171875,4266700,0.03357123994564182,0.14808596286806242,0.2856699401821934,0.015901744670384278,0.016959875539811698,0.03692186501959749,0.11751831194381102,0.36068501451031665,1.0113491450215937,4,21,11,0,0,,0
LLY,2026-02-04,-0.031491482630372,0.0,-0.031491482630372,-0.031491482630372,1,0.0,1107.1199951171875,7119400,0.08138309075763295,0.026517797600426274,0.04048715694255667,0.03875239344941207,0.03167289504007729,0.05502998866848019,0.04577335603075805,0.2982366563941721,2.0840968835442,2,4,2,1,0,,0
LMT,2026-01-29,-0.0190961696207523,0.01763575080097032,-0.0315665286034345,-0.0066258106380701,2,0.0249407179653644,622.510009765625,3931900,0.04815550826612203,0.08697397677125851,0.275635265913166,0.017042939291548768,0.022751731434937732,0.054435097514738295,0.11575430884681848,1.9697129909365558,2.1058748547220034,3,29,1,0,1,,0
LMT,2026-02-05,0.6884951455932524,0.6196782732165305,-0.958236513659358,0.9392688553780316,9,1.8975053690373898,609.1799926757812,1684400,-0.021413337746749694,0.025711000356503533,0.2260349762760483,0.023055141715469275,0.021275244380096665,-0.0009561219884334227,0.036218657205791205,-0.36552659334036464,0.82543945192859,3,5,2,1,0,,0
LMT,2026-02-06,0.5691678632050753,0.6343781409622604,-0.9402789827436208,0.9406853690743446,15,1.8809643518179655,623.5800170898438,1095800,-0.016776440517136892,0.05544837574812789,0.20280073712159274,0.023739234181004994,0.02008952575351049,0.017194690060196027,0.051312149953661956,-0.3494419377819995,0.5416654308904509,4,6,2,0,0,,0
LMT,2026-02-09,0.7654713216470554,0.2659112441435449,0.1246308032423257,0.9370117597281932,12,0.8123809564858675,638.2899780273438,1589300,0.0036005943826160625,0.09735929494454143,0.1756612357607208,0.02307543833432972,0.018374060530169996,0.03165979100177996,0.06752985930048605,0.4503559043621099,0.7806375558720959,0,9,2,0,0,,0
LOW,2025-01-31,-0.8813307620584965,0.0,-0.8813307620584965,-0.8813307620584965,1,0.0,254.90280151367188,1735100,-0.008238031753841968,0.009259580915832455,0.05825045970167708,0.014840493849471316,0.011983949331019952,-0.00870841066732908,0.016919302607675046,0.06421736997055927,0.8119858109562629,4,31,1,0,1,-0.056386322672252076,-1
LOW,2025-04-30,-0.8899416886270046,0.0,-0.8899416886270046,-0.8899416886270046,1,0.0,220.2999267578125,3455500,0.02663483848763537,0.019181764595841422,-0.03961469577681476,0.01936887607045945,0.024436379325718675,0.021097976223815484,0.01690318389566281,1.1544360620986347,1.5493778724358256,2,30,4,0,1,,0
LOW,2025-07-31,-0.8657972291111946,0.0,-0.8657972291111946,-0.8657972291111946,1,0.0,221.4814910888672,2778400,-0.008822463541731773,0.028269053637561825,-0.009610219313684665,0.013757914534950047,0.014183757455116047,-0.008722206741272553,0.00014330668087225717,0.3570381947836281,1.1276706279628548,3,31,7,0,1,,0
LOW,2025-10-31,-0.8694721683859825,0.0,-0.8694721683859825,-0.8694721683859825,1,0.0,237.06533813476562,2404700,-0.01887026229723321,-0.02206453765220917,-0.028614587680673487,0.00974716053948588,0.011555990017917144,-0.015757744663070783,-0.007446013662629425,0.15794289016227658,1.0996081157087527,4,31,10,0,1,,0
LOW,2025-11-19,-0.3236767388880253,0.0,-0.3236767388880253,-0.3236767388880253,1,0.0,227.3887939453125,7728900,-0.026800143411963906,-0.025346743323085064,-0.06208680347816109,0.018459027389680787,0.014463099990220309,-0.006861218094884047,-0.027705351924402155,0.23456967605903767,2.0516407498447116,2,19,11,0,0,,0
LOW,2025-11-26,-0.4176957029849291,0.0,-0.4176957029849291,-0.4176957029849291,1,0.0,240.52976989746094,2303300,0.05779078082145461,0.029441836195586157,0.0130822358793512,0.02536700070925009,0.01876134662759264,0.04888667403893732,0.03767201101222528,-0.30838062636999675,0.5129033048226227,2,26,11,0,1,,0
MA,2026-01-29,-0.0420688278973102,0.0,-0.0420688278973102,-0.0420688278973102,1,0.0,543.72998046875,5488300,0.02039934582443048,-0.005650903065140822,-0.05693131461551981,0.017423242187199317,0.016441141163801385,0.023603496411189084,-0.009896531222694516,0.0009666241108881035,1.1849224272309997,3,29,1,0,1,,0
MA,2026-02-05,-0.0472372397780418,0.0,-0.0472372397780418,-0.0472372397780418,1,0.0,551.8900146484375,4621600,0.015007511950422048,0.03571300120109355,-0.0469046683948976,0.019068623124528564,0.016997418260272092,0.024313785800593735,0.014966416419516015,0.03902877697841722,0.9558397723324343,3,5,2,1,0,,0
MCD,2024-12-31,0.7682559713721275,0.0,0.7682559713721275,0.7682559713721275,1,0.0,283.2825622558594,1915600,-0.004806146000313927,-0.026267155130888398,-0.008719646280494708,0.008604370071696829,0.008365046687072041,-0.00826520184637447,-0.017358584807968147,-0.010894821087416795,0.6589656619584586,1,31,12,0,1,,0
MCD,2025-03-31,0.7882881537079811,0.0,0.7882881537079811,0.7882881537079811,1,0.0,307.0126037597656,4418800,0.021919144350782682,0.027634366798104715,0.026553668972661537,0.011458908268699391,0.015761311426736754,0.013767071035571288,0.01569378962368151,0.3758874081454726,1.3205427051580898,0,31,3,0,1,,0
MCD,2025-06-30,0.772593155503273,0.0,0.772593155503273,0.772593155503273,1,0.0,288.7876892089844,5054800,0.009153193865437448,-0.03226121495613832,-0.06379781504560711,0.012945463314886631,0.00984198128371511,0.0069341975443135695,-0.020641672024179436,-0.31896203282045754,1.0060544783634995,0,30,6,0,1,,0
MCD,2025-09-30,0.7817031219601631,0.0,0.7817031219601631,0.7817031219601631,1,0.0,302.0773010253906,2640100,0.002308805844829953,0.001978251481993043,-0.03759183790539811,0.006877955665306887,0.007940354629382054,0.0018065669772309167,-0.008779054657251706,-0.14109571214783,0.8085643320255913,1,30,9,0,1,,0
MCD,2025-11-05,-0.05984329432249065,0.02902886845118897,-0.0803698040544986,-0.0393167845904827,2,0.041053019464015905,303.8466796875,6070300,0.010980669063220816,-0.014317493097265932,0.03828130254850293,0.01237471907877715,0.01009467024529519,0.007608080357682789,0.006629198208604192,0.4622648327030088,1.9037210104589717,2,5,11,1,0,,0
MDT,2025-11-18,-0.0602813214063644,0.0,-0.0602813214063644,-0.0602813214063644,1,0.0,100.80000305175781,21965400,0.05660378867409199,0.11479766747415732,0.05186268523155291,0.016725463005628383,0.015271777399313938,0.06596733105244335,0.07762540884049263,0.9810779609654028,2.628320490116307,1,18,11,0,0,,0
MDT,2025-11-25,-0.0623160600662231,0.0,-0.0623160600662231,-0.0623160600662231,1,0.0,105.3499984741211,9482900,0.045138842109230914,0.10429766026306697,0.13000101556132915,0.01676976622812638,0.015595524107271823,0.05949674829990004,0.10367296514669344,-0.3190702550551471,0.9037341013359357,1,25,11,0,1,,0
META,2025-03-31,0.7348343655467033,0.0,0.7348343655467033,0.7348343655467033,1,0.0,575.0594482421875,21124700,-0.06865958394714933,-0.047181330535688626,-0.1193454772230097,0.025205565708633706,0.027167389072901962,-0.03303248276979487,-0.04989369208011085,0.20007612425295984,1.1542593183516998,0,31,3,0,1,0.28388464847490513,1
META,2025-06-30,0.7355458736419678,0.0,0.7355458736419678,0.7355458736419678,1,0.0,736.9910888671875,15402100,0.056633119749534444,0.08169618349933572,0.14080198871221405,0.016133922348499283,0.016777279047260816,0.04034142060774393,0.05711260805609042,-0.17967905324435307,1.1099844623362995,0,30,6,0,1,,0
META,2025-09-30,0.7417580857872963,0.0,0.7417580857872963,0.7417580857872963,1,0.0,733.7815551757812,16226800,-0.027826314361153792,-0.05664222116953743,-0.0003187231781515143,0.008395207464548762,0.01129401523181002,-0.031727517294605545,-0.02973097445508066,0.7548557338755029,1.3386085295170655,1,30,9,0,1,,0
META,2025-12-31,0.7156634628772736,0.0,0.7156634628772736,0.7156634628772736,1,0.0,660.0900268554688,7940400,-0.00729385443518249,0.004473867963449729,0.020906228247163483,0.010970974708374829,0.01368275158047523,-0.0020907539479984028,0.0031385544191406822,-0.13573877551020408,0.5351474411940331,2,31,12,0,1,,0
META,2026-01-28,-0.0486496910452842,0.0,-0.0486496910452842,-0.0486496910452842,1,0.0,668.72998046875,25709600,0.09098465886341534,0.059642764124842484,0.015242341602470066,0.02396051736514794,0.019386094372791384,0.04585474581584004,0.03592097912364034,0.9334305954547506,1.4707369702461448,2,28,1,0,1,,0
META,2026-01-29,-0.0136347785592079,0.0,-0.0136347785592079,-0.0136347785592079,1,0.0,738.3099975585938,59852900,0.1400182079151655,0.19948982020252504,0.10865678207851315,0.03676667802809867,0.030121532522246534,0.13291769972153467,0.13733219785063877,1.328036997852942,2.731355352877664,3,29,1,0,1,,0
MMM,2026-02-03,-0.0221826415508985,0.0,-0.0221826415508985,-0.0221826415508985,1,0.0,155.67999267578125,5178800,-0.014995320026665482,-0.0028183605890839125,-0.0481199035715455,0.0162757070570091,0.021475951801047135,-0.009259604346063655,-0.037027013387169516,-0.039807175303606224,1.050198123806086,1,3,2,1,0,,0
MMM,2026-02-05,-0.0690414290875196,0.0,-0.0690414290875196,-0.0690414290875196,1,0.0,165.0800018310547,3514000,0.055633691498869986,0.027703397951638564,0.013320226629213616,0.021454918021822075,0.02402057651853552,0.042362570936253174,0.02119657587352064,-0.460621037928441,0.7506493950372548,3,5,2,1,0,,0
MPC,2025-12-18,-0.0396246500313282,0.0,-0.0396246500313282,-0.0396246500313282,1,0.0,168.11000061035156,2888600,-0.10154454565775284,-0.11590846170697833,-0.14019027753248714,0.017805237342558972,0.017677560270718932,-0.0863636550223803,-0.1040273608062996,-0.05319741715559345,1.1768396522362643,3,18,12,0,0,,0
MPC,2026-02-03,-0.0416898019611835,0.0,-0.0416898019611835,-0.0416898019611835,1,0.0,187.5800018310547,5254900,0.09191460016313102,0.07262120650529758,0.07225333950639468,0.021626601946734117,0.019765970796932958,0.06496044542378776,0.06636197289060974,0.7360092500825901,2.1135677138846547,1,3,2,1,0,,0
MRK,2025-12-04,-0.047989048063755,0.0,-0.047989048063755,-0.047989048063755,1,0.0,100.03499603271484,12770700,-0.035745010127342214,0.06144130398142478,0.19552079079258977,0.024176436081037044,0.021297770704939333,-0.005294480479671848,0.047843064283655146,0.01826720673598259,0.8168124952030087,3,4,12,1,0,,0
MRK,2026-02-03,-0.0412707272917032,0.0,-0.0412707272917032,-0.0412707272917032,1,0.0,115.83999633789062,25793600,0.07338767886695852,0.05838281925827915,0.0781831134177926,0.01566236916569196,0.014864100534325181,0.05451927535621315,0.05538874537016958,0.432969816834351,1.9188011807274805,1,3,2,1,0,,0
MS,2025-11-03,-0.0906947571784257,0.0,-0.0906947571784257,-0.0906947571784257,1,0.0,162.75279235839844,4719200,-0.00827444687015344,0.016523247577956424,0.04147192263584154,0.012865171284670419,0.017570134465193312,0.009675743631912592,0.027685684797644994,-0.11351554428477506,1.0151524277441726,0,3,11,1,0,,0
MS,2026-01-15,-0.0815890301018953,0.0,-0.0815890301018953,-0.0815890301018953,1,0.0,190.1815948486328,12957100,0.03546680426653759,0.07717007091977934,0.08339470147787709,0.023359171382142347,0.018503009560866916,0.03182397876133636,0.051468229072040295,0.536293573630543,2.1373100156045357,3,15,1,0,0,,0
MSFT,2025-03-31,0.7432032525539398,0.0,0.7432032525539398,0.7432032525539398,1,0.0,373.3883056640625,35184700,-0.04500348976198587,-0.034242389201046164,-0.033720236809536175,0.013080406072658689,0.01588020170634236,-0.030606149847842712,-0.03152151153778737,0.6265116494082841,1.5971976964930805,0,31,3,0,1,,0
MSFT,2025-06-30,0.7638282254338264,0.0,0.7638282254338264,0.7638282254338264,1,0.0,495.66595458984375,28369000,0.023477433847725493,0.04726718864158097,0.0804805928719734,0.007200438356494988,0.006471253006015772,0.020537578095763287,0.03941183738957821,-0.17864339648862737,1.205679515943198,0,30,6,0,1,,0
MSFT,2025-09-30,0.7630100548267365,0.0,0.7630100548267365,0.7630100548267365,1,0.0,516.982421875,19728200,0.017123882118562195,0.01750356866951419,0.025399962750102922,0.008657991902143712,0.010233915505398044,0.01137027983983896,0.019398026115617695,0.11978794174073948,0.9399187965654816,1,30,9,0,1,,0
MSFT,2025-12-31,0.766340509057045,0.0,0.766340509057045,0.766340509057045,1,0.0,483.6199951171875,15601600,-0.00663450949128952,0.015176599522316758,-0.013020418128188771,0.006296255401076618,0.011153326927634677,-0.003198882141772219,0.00042819101299484963,0.11883538312596365,0.7403913231239412,2,31,12,0,1,,0
MSFT,2026-01-28,-0.0633547250181436,0.045277605980336345,-0.095370827242732,-0.0313386227935552,2,0.06403220444917682,481.6300048828125,36875400,0.08448362065434933,0.023285935246352585,-0.01122972932080124,0.018730234785151952,0.015130694863844316,0.0415626064443515,0.023849367511222574,0.2622552962801954,1.1953228779237686,2,28,1,0,1,,0
MU,2025-02-28,0.7311333268880844,0.0,0.7311333268880844,0.7311333268880844,1,0.0,93.32414245605469,23359100,-0.052711426056986976,-0.02122107095961634,0.012216171799457998,0.044015805116424465,0.03558110794216627,-0.04893957251620573,-0.021676145271012803,0.04345514890803748,1.1534583356377053,4,28,2,0,1,,0
MU,2025-12-18,-0.0698911901563406,0.0,-0.0698911901563406,-0.0698911901563406,1,0.0,248.4496307373047,65006100,-0.03834246202690661,0.09662476487997895,0.1001682171936944,0.049620348696317026,0.0485680377646774,0.01700117763031206,0.055716614928546404,0.5493468328363971,2.301001514270888,3,18,12,0,0,,0
MU,2026-01-21,-0.0291088912636041,0.0,-0.0291088912636041,-0.0291088912636041,1,0.0,389.1099853515625,56712800,0.15077035380642534,0.1330110754738476,0.4638506716533404,0.03945761841728729,0.04218404000814336,0.11732947239449087,0.2065826319995534,0.14007265066368602,1.6338698822726812,2,21,1,0,0,,0
NFLX,2026-01-20,-0.0244097206741571,0.0,-0.0244097206741571,-0.0244097206741571,1,0.0,87.26000213623047,109729700,-0.0240465433152649,-0.04592168150322262,-0.07170210493371842,0.00814780068405542,0.009539998294083495,-0.022800565147288343,-0.044422406468744624,1.279837109525145,2.1877699081026463,1,20,1,0,0,,0
NFLX,2026-01-23,-0.0049186423420906,0.0,-0.0049186423420906,-0.0049186423420906,1,0.0,86.12000274658203,64520400,-0.021919366703954335,-0.048713090601779196,-0.07893045190821357,0.0162499146028524,0.013340728416546585,-0.01697351494056143,-0.04323334400563372,-0.06645464765826548,1.0031022595158088,4,23,1,0,0,,0
NKE,2025-02-28,0.7319699823856354,0.0,0.7319699823856354,0.7319699823856354,1,0.0,77.6069107055664,14113800,0.03830061181804356,0.08496099103859422,0.014043153063190816,0.026790376642031995,0.02617022595178583,0.013447968939120036,0.047398633150072866,0.21128742951793278,0.8983747677489454,4,28,2,0,1,,0
NKE,2025-12-18,-0.0490219444036483,0.0,-0.0490219444036483,-0.0490219444036483,1,0.0,65.62999725341797,35650000,-0.03114851899751958,-0.0009134599750061367,0.054422045960627274,0.02168537627919049,0.018588846985829296,-0.005530770540403185,0.01124259000880401,1.6996327287872477,2.162048736763137,3,18,12,0,0,,0
NKE,2025-12-30,-0.0637978203594684,0.0,-0.0637978203594684,-0.0637978203594684,1,0.0,61.189998626708984,13507800,0.06938128838364044,-0.09722632445075785,-0.06423001685490659,0.039208379932392116,0.031139735111977793,-0.005105382810489334,-0.03851293545667256,-0.2521467603434816,0.4145985795767582,1,30,12,0,1,,0
NVDA,2025-01-31,0.7078049331903458,0.0,0.7078049331903458,0.7078049331903458,1,0.0,120.03717041015625,388161100,-0.15811249108938186,-0.10107058991572637,-0.10589022600982012,0.06958570800990758,0.053702729699840024,-0.098086052184156,-0.11532721878066865,-0.012125453807401154,1.0565464703293,4,31,1,0,1,0.5634323728866131,1
NVDA,2025-04-30,0.7350344061851501,0.0,0.7350344061851501,0.7350344061851501,1,0.0,108.90023040771484,235044600,0.060461463412749605,-0.029233503148784812,-0.011166639106264253,0.038053707255724885,0.05881505766903059,0.038718281125222465,0.03496276166138568,0.37901120776699493,0.9211498754097065,2,30,4,0,1,,0
NVDA,2025-07-31,0.7431175336241722,0.0,0.7431175336241722,0.7431175336241722,1,0.0,177.85006713867188,221685400,0.023771120977353455,0.028150238813569484,0.1311287888132242,0.01610416596905326,0.0147737255854459,0.023276386873238852,0.050353396531111594,0.27177214216790335,1.422721009588757,3,31,7,0,1,,0
NVDA,2025-10-31,0.7369126155972481,0.0,0.7369126155972481,0.7369126155972481,1,0.0,202.47872924804688,179802200,0.08713634339678134,0.10517406831007459,0.07925602384479324,0.02168481189226174,0.024277597971964885,0.05604348665934,0.0753384902551475,0.005243077996515799,1.0120407738246004,4,31,10,0,1,,0
NVDA,2025-11-19,-0.0706089362502098,0.0,-0.0706089362502098,-0.0706089362502098,1,0.0,186.50961303710938,247246400,-0.037564536537699866,-0.04451622742605843,0.03461283617675459,0.031544530954941884,0.029525531539379018,-0.01507592660292334,-0.0355465320009718,0.15752656029595657,1.2079791789725993,2,19,11,0,0,,0
NVDA,2026-01-23,-0.0359753668308258,0.0,-0.0359753668308258,-0.0359753668308258,1,0.0,187.6699981689453,142748100,0.0033145956004927424,0.014213170007770337,-0.008139149570724147,0.020470541642433737,0.015990880536030677,0.01666909017276974,0.0074375379914437545,0.022282839885817918,0.8450244240467731,4,23,1,0,0,,0
ORCL,2025-02-28,0.722964808344841,0.0,0.722964808344841,0.722964808344841,1,0.0,164.3941650390625,12843300,-0.01042850579493082,-0.04486360913875331,-0.025355138025904056,0.027674177695653973,0.022289473006851822,-0.03514071560120491,-0.03685594471095821,0.7269927925989672,1.396296199658191,4,28,2,0,1,,0
ORCL,2026-02-04,-0.0236940626055002,0.0,-0.0236940626055002,-0.0236940626055002,1,0.0,146.6699981689453,42323400,-0.15121530336423616,-0.15648726679186342,-0.2409925076539049,0.026617268360326015,0.029236033313487796,-0.12720846314318268,-0.184213013907911,-0.021652746988564564,1.298855858836267,2,4,2,1,0,,0
ORCL,2026-02-05,-0.0276709832251071,0.0,-0.0276709832251071,-0.0276709832251071,1,0.0,136.47999572753906,42789000,-0.19247381715038836,-0.2340329928294479,-0.29039219912852743,0.027050054807949125,0.03171747425212428,-0.16718028373412908,-0.22891350243226205,0.011001006535391822,1.2313434446479625,3,5,2,1,0,,0
OXY,2026-01-02,-0.0523615255951881,0.0,-0.0523615255951881,-0.0523615255951881,1,0.0,42.380001068115234,10798300,0.059500026702880904,0.0430716208219184,0.004151129419573962,0.01665066300536998,0.019306445368109312,0.04657484099069076,0.0390571741297443,0.5507668887867647,1.1895138859054561,4,2,1,1,0,,0
OXY,2026-01-20,-0.0542181245982646,0.0,-0.0542181245982646,-0.0542181245982646,1,0.0,42.2400016784668,9322300,-0.011235944019676425,0.024496777769687172,0.06317649547320348,0.023844481765480322,0.02039826684834234,-0.01142105773925628,0.013289872298145378,-0.1574356934979484,0.766732985318054,1,20,1,0,0,,0
PEP,2026-02-03,-0.020649656653404198,0.021924853815639866,-0.0361528694629669,-0.0051464438438415,2,0.031006425619125397,162.85000610351562,19096400,0.09456921252627826,0.10287147544818942,0.1638794184865815,0.019476035178808325,0.015397937147774718,0.08621705335262386,0.11319984335464306,0.3025749462842331,1.9720311205933319,1,3,2,1,0,,0
PFE,2025-12-16,-0.0409695953130722,0.0,-0.0409695953130722,-0.0409695953130722,1,0.0,25.109392166137695,111695500,0.00789584778747665,0.015109412307646064,0.01794261129510044,0.01769140810360878,0.016865565415102535,-0.009658992535855226,0.00045069307216616394,0.8504887342611,2.105187073291356,1,16,12,0,0,,0
PFE,2026-02-03,-0.0398518573492765,0.0,-0.0398518573492765,-0.0398518573492765,1,0.0,25.770000457763672,91964900,-0.027547152537219954,0.026711408335154507,0.040988316591567875,0.017876611209050673,0.013963439596785749,-0.00882120314308732,0.009915187662641323,0.7641623265137782,1.6886318495794896,1,3,2,1,0,,0
PG,2026-01-22,-0.053693039342761,0.0,-0.053693039342761,-0.053693039342761,1,0.0,148.87298583984375,18501900,0.02446181980382156,0.08613439601478867,0.05073930539378724,0.012854219604941524,0.011697605396685868,0.034285252084595985,0.043335982468006407,0.309702126454682,1.4451899643816783,3,22,1,0,0,,0
PG,2026-01-23,-0.0584731642156839,0.0,-0.0584731642156839,-0.0584731642156839,1,0.0,150.14999389648438,14562600,0.04553729107407212,0.06843827833882155,0.05612564853882951,0.01141733892567172,0.011774537869876473,0.036233184126613915,0.04935147808738205,-0.21291326836703262,1.0925541771857499,4,23,1,0,0,,0
PNC,2026-01-16,-0.0801904983818531,0.0,-0.0801904983818531,-0.0801904983818531,1,0.0,221.47999572753906,4865700,0.025879094953648263,0.05542417108168429,0.061245840626167336,0.016103160503279514,0.012795490702657866,0.030840203719107784,0.04285576616227238,0.8887853732386166,1.6587858684276018,4,16,1,0,0,0.09481668956610356,1
PNC,2026-01-26,-0.0727776940912008,0.0,-0.0727776940912008,-0.0727776940912008,1,0.0,220.75,2473600,-0.003295989442031133,0.022497808287880616,0.04199176379006242,0.017273854754884545,0.014112252025855735,0.013031446469712105,0.025269133402647137,-0.2350085047162518,0.6833772139449177,0,26,1,0,1,0.09150621494107436,1
PNC,2026-02-03,0.7349018662547072,0.2919481020882864,0.3986465707421303,0.9238376012071968,3,0.5251910304650665,233.82000732421875,3721200,0.04523920658934144,0.05820058028421693,0.09181983081939338,0.015356066994095502,0.014996573840453838,0.04294070245408599,0.06347747448810104,0.6405960673661935,1.222586908739663,1,3,2,1,0,,0
PNC,2026-02-04,0.15124163556059725,0.7830664796407217,-0.9657771429046988,0.9416499380022288,19,1.9074270809069276,237.25,3816800,0.07163828833315011,0.052153063197261984,0.09645499379999078,0.014836750079781488,0.015115176070143151,0.0527179786779397,0.07398056876594139,0.02569063742878641,1.2643643892339544,2,4,2,1,0,,0
PNC,2026-02-05,0.5171046517789364,0.654276583863649,-0.7913250960409641,0.9326610807329416,7,1.7239861767739058,238.50999450683594,3860100,0.06259461540014621,0.07436934462538702,0.11129934935166585,0.012955445679063185,0.014809962476621887,0.050612251010264675,0.07387821243988912,0.011344581848669044,1.3461598819873828,3,5,2,1,0,,0
PNC,2026-02-06,0.6289898125188691,0.40507731238524713,0.0583070646971464,0.9414260182529688,7,0.8831189535558224,242.47999572753906,2441000,0.08589338295412197,0.10524634852148185,0.11755025406399011,0.011331155869301893,0.014976072805908434,0.057345537738556995,0.0855200464699557,-0.3676329628766094,0.8754626574469917,4,6,2,0,0,,0
PNC,2026-02-09,0.9329090899388705,0.005739475383221506,0.9262459129095078,0.939850490540266,7,0.013604577630758286,240.9499969482422,2272800,0.058515976715314943,0.09150621494107436,0.11606271250984901,0.01244692855084988,0.015028542812648316,0.041500055656731316,0.07265443123165816,-0.06890618598934861,0.8210508063117739,0,9,2,0,0,,0
PSX,2025-10-29,-0.0643999446183443,0.0,-0.0643999446183443,-0.0643999446183443,1,0.0,136.83642578125,4455900,0.05022836290864974,0.06506132731711123,0.02533615195494132,0.01775788758623926,0.016758952696113043,0.040849568050676854,0.04607663549486429,0.8826685820517155,1.8395782416275843,2,29,10,0,1,,0
PSX,2026-02-04,-0.0377557389438152,0.0,-0.0377557389438152,-0.0377557389438152,1,0.0,154.69000244140625,4674200,0.08875281846734451,0.0921350120586879,0.13201616795232063,0.019616206215868633,0.02046331320467382,0.07527407717529244,0.08966932989784615,0.09686957337964053,1.874162997890955,2,4,2,1,0,,0
PYPL,2026-02-03,-0.039892806671559804,0.02750153910105008,-0.0593393314629793,-0.0204462818801403,2,0.038893049582839,41.70000076293945,141690600,-0.24878396642351608,-0.24291940129478085,-0.29667734661783884,0.06422885456732458,0.046323064765905884,-0.22155016541250283,-0.24875015876531814,4.161225225750285,4.901666123538484,1,3,2,1,0,,0
QCOM,2025-03-31,0.7928881049156189,0.0,0.7928881049156189,0.7928881049156189,1,0.0,151.056884765625,8613600,-0.04041734538442043,-0.027477158690857317,0.005326583808696217,0.014723148966643207,0.01867282654060787,-0.022986329427208574,-0.017877069433011372,-0.034133213725050515,1.2590497489530574,0,31,3,0,1,,0
QCOM,2025-06-30,0.7752475142478943,0.0,0.7752475142478943,0.7752475142478943,1,0.0,157.5537567138672,7988200,0.03996350363125578,0.02934335098145291,0.10342076752899709,0.011833966451702737,0.014994346602808508,0.022831644132068396,0.0330640448516053,-0.638547893015027,0.8476083358091762,0,30,6,0,1,,0
QCOM,2025-09-30,0.7687143757939339,0.0,0.7687143757939339,0.7687143757939339,1,0.0,165.5142822265625,5593300,-0.018698755916158327,0.013525106020681577,0.053701540159561745,0.016061877809416012,0.013474768645356825,-0.011867552729220243,0.012516491387285722,-0.2565165955523654,0.6750448356348557,1,30,9,0,1,,0
QCOM,2025-12-31,0.7342149019241333,0.0,0.7342149019241333,0.7342149019241333,1,0.0,171.0500030517578,4682600,-0.021173086971343014,-0.028787146297932775,0.007170540058673236,0.009788428943064796,0.013584380619784822,-0.016083177683081318,-0.025428296938506345,0.3654681713469221,0.66909770546898,2,31,12,0,1,,0
QCOM,2026-02-04,-0.052830510772764655,0.01460842564904081,-0.0631602276116609,-0.0425007939338684,2,0.0206594336777925,148.88999938964844,19249300,-0.024950868596841924,-0.04783523668932377,-0.1839407953956509,0.013560810892422382,0.016813623171430144,-0.024554826440545185,-0.06843898009460192,0.6086124481882604,1.954448028575577,2,4,2,1,0,,0
RTX,2026-01-27,-0.030262691900134,0.0,-0.030262691900134,-0.030262691900134,1,0.0,201.27999877929688,10134500,0.025056010153047037,0.03832856560145603,0.08700113824947575,0.017813538960010516,0.015874871967320382,0.018515236992071582,0.045827707236225645,0.5170044606771846,1.7748717598454637,1,27,1,0,1,,0
RTX,2026-02-06,-0.0068550612777471,0.0,-0.0068550612777471,-0.0068550612777471,1,0.0,198.66000366210938,4350900,-0.011297412513893379,0.01393360428918955,0.06138807290468007,0.0182046114928744,0.016600806861285344,-0.002530566764211817,0.004655130780013117,-0.21439791993933155,0.5744619329352101,4,6,2,0,0,,0
SBUX,2025-03-31,0.7223554253578186,0.0,0.7223554253578186,0.7223554253578186,1,0.0,96.0717544555664,11302900,0.024759709988584122,-0.009991973683682986,-0.15007368834907386,0.013049789896040448,0.021111224588009396,0.0029036962872455163,-0.02222400089320753,0.4012670154471747,1.361034313347719,0,31,3,0,1,,0
SBUX,2025-06-30,0.6914477497339249,0.0,0.6914477497339249,0.6914477497339249,1,0.0,90.37645721435547,10083300,-0.007688975625022465,-0.017478054249027153,0.09148305241306964,0.009417063236041724,0.01562491414019816,-0.0050923303398813236,0.00549217351300757,-0.5308259971337639,1.0894587227035666,0,30,6,0,1,,0
SBUX,2025-09-30,0.7287728264927864,0.0,0.7287728264927864,0.7287728264927864,1,0.0,83.99319458007812,7574200,-0.01272038268133957,0.0027259660447862544,-0.05769666633570825,0.013656441188232877,0.013733562067472296,0.0024765071288601614,0.0036955832153386936,-0.3251060341447767,0.8430202791443137,1,30,9,0,1,,0
SBUX,2025-12-31,0.6480924338102341,0.0,0.6480924338102341,0.6480924338102341,1,0.0,84.20999908447266,5293400,0.004173604478580062,-0.010225702019960203,-0.011619693652934582,0.021617741653178525,0.018396791574661203,-0.018153843969661243,-0.012205218984465915,0.16581874242924788,0.6473689552990843,2,31,12,0,1,,0
SBUX,2026-01-28,-0.055773325264453846,0.03350467410222761,-0.0794647075235843,-0.0320819430053234,2,0.04738276451826089,95.16000366210938,25961600,-0.013170140402853914,0.05079512177039702,0.11207203460893811,0.014549391073614665,0.016732643440746348,0.0036175191630027914,0.04462951435590967,0.582676973347314,1.8492630115343878,2,28,1,0,1,,0
SCHW,2026-01-21,-0.0386295542120933,0.0,-0.0386295542120933,-0.0386295542120933,1,0.0,101.79000091552734,17879500,0.006028865472541112,-0.01718643221533034,0.03005465725435208,0.014033117845993336,0.013279966022324265,9.826462306938843e-05,0.00050129229295659,0.3776457625420895,1.9172143426226467,2,21,1,0,0,,0
SCHW,2026-01-29,-0.0399366412311792,0.0,-0.0399366412311792,-0.0399366412311792,1,0.0,103.47000122070312,10033900,-0.005574260586673652,0.015208036495335087,0.02904025937664323,0.014486949318593243,0.013501258987311214,0.0053537267971066616,0.011229375470632075,0.33234630195193193,0.9460971923244107,3,29,1,0,1,,0
SCHW,2026-02-05,0.10639939603528806,0.8553770043936377,-0.9563446789979936,0.937356784939766,14,1.8937014639377596,102.0,9683400,-0.014207028156572599,-0.01970209506613929,0.0006867428099150974,0.010979056176839995,0.012903579012707065,-0.013997373859277462,-0.007009346531923422,-0.10170041837899013,0.9927538014861473,3,5,2,1,0,,0
SCHW,2026-02-06,0.33319841014842183,0.5161823920918125,0.0160418022423982,0.9288156442344188,3,0.9127738419920206,105.08000183105469,7527600,0.011162468076871379,0.028381302771752104,0.03690552228454824,0.013449076942872673,0.014453042020947608,0.012936448904517395,0.02111616773097813,-0.22262841563913505,0.7812303786906224,4,6,2,0,0,,0
SCHW,2026-02-09,0.20011367174712094,0.8405956730872644,-0.9393861927092076,0.9376074522733688,11,1.8769936449825764,107.20999908447266,10177800,0.019397175535272648,0.041480440468193214,0.07028053353513863,0.014502833993503604,0.01464343842230109,0.029232457422591507,0.03826299569591152,0.35206440299697106,1.0262351514124874,0,9,2,0,0,,0
SLB,2026-01-23,-0.03538569994270795,0.02927481375149633,-0.0560861192643642,-0.0146852806210517,2,0.0414008386433125,49.150001525878906,43516200,0.05540051208850305,0.10623455296607953,0.2866492289068965,0.016521143993345283,0.027127770119597865,0.045833705500894606,0.12345427115470176,0.9113717222295428,1.9038464819733483,4,23,1,0,0,,0
T,2026-02-05,-0.0571935977786779,0.0,-0.0571935977786779,-0.0571935977786779,1,0.0,27.309999465942383,44672400,0.08674892073133189,0.15818488355830684,0.15269845888030265,0.022940629256822675,0.018812082620294594,0.0789775122154035,0.11671782735389935,-0.14825838015722148,0.7287539743261386,3,5,2,1,0,,0
T,2026-02-09,-0.0243083592504262,0.0,-0.0243083592504262,-0.0243083592504262,1,0.0,27.110000610351562,33056800,0.030798532197278794,0.15607674747697242,0.14330299985110906,0.02309239571996309,0.01886172345317903,0.04145061900245506,0.09369645260545068,-0.11637405641212073,0.5481770932657901,0,9,2,0,0,,0
TGT,2025-01-31,0.7566828727722168,0.0,0.7566828727722168,0.7566828727722168,1,0.0,132.08287048339844,4056400,0.0001451196526556231,0.03497182672790511,0.02019545947189494,0.016761316380347828,0.016625947120729408,-0.003439609121265952,-1.4474992763413574e-05,0.45286532951289393,0.8448791542044006,4,31,1,0,1,,0
TGT,2025-04-30,0.7117616534233093,0.0,0.7117616534233093,0.7117616534233093,1,0.0,93.40393829345703,8255300,0.04937594457747396,0.05017366159621117,-0.07402096950570802,0.01763894613100747,0.04147223245724197,0.022771694155913513,0.020962948736871212,1.1906644729858824,1.2461112327071557,2,30,4,0,1,,0
TGT,2025-07-31,0.764569602906704,0.0,0.764569602906704,0.764569602906704,1,0.0,98.18417358398438,6442300,-0.050274046633645875,-0.030390821363776133,-0.04694168399855081,0.02101590218177089,0.01853470212940571,-0.03851677935625286,-0.03198312807416981,0.42305228512734416,1.272668726442304,3,31,7,0,1,,0
TGT,2025-10-31,0.7435121014714241,0.0,0.7435121014714241,0.7435121014714241,1,0.0,91.56581115722656,7084800,-0.01633777152986482,0.02069581952933075,0.041446696087383605,0.019890988573554546,0.019080602522396753,-0.016859282710734114,0.010869706709784044,0.25813325756499506,1.0946340558997574,4,31,10,0,1,,0
TGT,2026-02-05,-0.0510177426040172,0.0,-0.0510177426040172,-0.0510177426040172,1,0.0,110.8499984741211,6081500,0.07788800487616543,0.04084505609503375,0.06925822737524245,0.02583819889150787,0.021445409272011315,0.034029212236147854,0.029845543167444255,-0.3804629082537031,0.900204124227133,3,5,2,1,0,,0
TMO,2026-01-12,-0.0531641766428947,0.0,-0.0531641766428947,-0.0531641766428947,1,0.0,615.4500122070312,3184800,0.006953533892535946,0.05976860997405731,0.06393642421671131,0.015917019749171524,0.01305455999905475,0.020585848063578993,0.04698995137978779,0.3928712005248196,1.548605438207492,0,12,1,0,0,-0.11875867317536426,-1
TMO,2026-01-29,-0.0545530002564191,0.0,-0.0545530002564191,-0.0545530002564191,1,0.0,592.1599731445312,3950400,-0.07395423904877363,-0.04771407479517942,0.01492837561962257,0.01660736434956098,0.017824682496484848,-0.04718080610184616,-0.037574085894305775,0.6895770069714726,1.4703101854264211,3,29,1,0,1,-0.08330511735322454,-1
TMO,2026-02-02,-0.03151218360289931,1.3200654547246917,-0.9649394182488322,0.9019150510430336,2,1.8668544692918658,581.77001953125,1778800,-0.07157444054677808,-0.059719991145403606,-0.018126259569223757,0.017609916456768467,0.017828632413662657,-0.05122936594678551,-0.053570045211727035,-0.5270029515781636,0.6591859120690167,0,2,2,1,0,-0.06017843579123183,-1
TMO,2026-02-03,0.09687684818969243,0.7918441135163009,-0.9655205341987312,0.938264448195696,14,1.903784982394427,570.0900268554688,2249800,-0.08626235932374637,-0.0790293890864201,-0.06726110034441124,0.01796638005382607,0.01659952431634726,-0.06280048632585056,-0.0694595448118549,0.2647852484821227,0.861141094244004,1,3,2,1,0,,0
TMO,2026-02-04,-0.2415358172147535,0.7972761255866094,-0.9612636188976468,0.8140796078369021,8,1.7753432267345488,565.219970703125,2740600,-0.07039249934750746,-0.1117083426897234,-0.08941229961899244,0.012812238862937201,0.01601856071812844,-0.059820429328883984,-0.07321085269646732,0.21815272468663882,1.06704563152157,2,4,2,1,0,,0
TMO,2026-02-05,0.11802622675895691,0.9022476628763623,-0.9197140410542488,0.7167224064469337,3,1.6364364475011826,542.3599853515625,3224900,-0.08409887539091376,-0.1518336461052947,-0.12118615588406967,0.014221344346213492,0.017920938375490768,-0.08303663078388102,-0.10520773715724352,0.1767131285120047,1.2267947898597036,3,5,2,1,0,,0
TMO,2026-02-06,0.6653125514276326,0.3786418402002466,0.3975723385810852,0.93305276427418,2,0.5354804256930948,542.8300170898438,2959400,-0.061837799498014046,-0.13283166550572656,-0.10497936176447853,0.015060981379156119,0.017794720763926675,-0.06915606160337195,-0.09970375811575194,-0.08232813420571183,1.1210188187520833,4,6,2,0,0,,0
TMO,2026-02-09,0.4731827040668577,0.3110497620925289,0.1787438225001096,0.8733990266919136,4,0.694655204191804,546.760009765625,2107600,-0.06017843579123183,-0.12744563846327228,-0.11650450391453071,0.015859376548708202,0.01701935024996553,-0.04939903016611091,-0.08773134253865111,-0.2878286139082247,0.787932033571976,0,9,2,0,0,,0
TMUS,2026-01-06,-0.0623509492725133,0.0,-0.0623509492725133,-0.0623509492725133,1,0.0,198.60000610351562,3240400,-0.02239718400034607,0.0095054664595553,-0.052616507763108,0.009729826400750607,0.012477983514559086,-0.008229762458323742,-0.0031671535763169167,-0.19429111343179672,0.9481757185787313,1,6,1,0,0,,0
TMUS,2026-01-12,-0.0606469567865133,0.0,-0.0606469567865133,-0.0606469567865133,1,0.0,197.50999450683594,5271100,-0.016678313717693904,-0.01736321140877639,0.011160562408977892,0.010707123616752873,0.009772376468374122,-0.013584399385923374,-0.007848926103674825,0.3763022533225411,1.3246932102907434,0,12,1,0,0,,0
TSLA,2025-03-31,0.7322594523429871,0.0,0.7322594523429871,0.7322594523429871,1,0.0,259.1600036621094,134008900,-0.06907579286064758,0.08886185304569638,-0.08954853602998736,0.054723777775159334,0.060360954992868115,0.004274254890028306,0.018846865282150738,0.08238065930373617,0.9936227005464562,0,31,3,0,1,0.607346780646373,1
TSLA,2025-06-30,0.7151695340871811,0.0,0.7151695340871811,0.7151695340871811,1,0.0,317.6600036621094,76695100,-0.08896406351171315,-0.023516012277201792,-0.08312644606383923,0.03515151218661995,0.04599319642221124,-0.029589472633489877,-0.019239449577710954,-0.13890554301817737,0.732148049602906,0,30,6,0,1,,0
TSLA,2025-09-30,0.6928292214870453,0.0,0.6928292214870453,0.6928292214870453,1,0.0,444.7200012207031,74358000,0.044311365144375614,0.05478868737497877,0.3502551038372317,0.027119963873883633,0.02822824962692209,0.028646768345997664,0.11397503863477576,-0.0645792317417585,0.8121159246935534,1,30,9,0,1,,0
TSLA,2025-12-31,0.7051064223051071,0.0,0.7051064223051071,0.7051064223051071,1,0.0,449.7200012207031,49078000,-0.07381167418670176,-0.08197926688540047,0.04771226225950098,0.022831301405542726,0.02487432046117189,-0.049318257436945956,-0.03223689393174056,-0.17151852258244216,0.6771719056032464,2,31,12,0,1,,0
TSLA,2026-01-28,-0.0465149395167827,0.0,-0.0465149395167827,-0.0465149395167827,1,0.0,431.4599914550781,54857400,4.63309233236231e-05,-0.03519682540765734,-0.0613088989106253,0.024904925994603623,0.022670569175929807,-0.01085298923509459,-0.019093661264905304,0.45382701129777314,0.9648426067673743,2,28,1,0,1,,0
TSLA,2026-01-29,-0.0140511561185121,0.0,-0.0140511561185121,-0.0140511561185121,1,0.0,416.55999755859375,81686100,-0.0729926759440035,-0.0515483015008783,-0.0833351577306789,0.026493973968705495,0.02369448127612447,-0.040029500771016635,-0.04887377601449505,0.489062551269291,1.3775295966304986,3,29,1,0,1,,0
TXN,2025-03-31,0.7801996618509293,0.0,0.7801996618509293,0.7801996618509293,1,0.0,174.1991729736328,9222700,-0.031319187671350335,-0.0016113175093936949,-0.07556982541581203,0.018458873853565063,0.020023555697202176,-0.008075661220290797,-0.01573085007351982,0.6797253487779114,1.4834384464807604,0,31,3,0,1,0.271188597863917,1
TXN,2025-06-30,0.7558741271495819,0.0,0.7558741271495819,0.7558741271495819,1,0.0,202.98159790039062,5319900,0.030934940967269675,0.06471794695300104,0.1354662037829748,0.010131710546941557,0.013539470594154042,0.024247030982594175,0.04625552834940638,-0.38033336827759723,0.850252123672455,0,30,6,0,1,0.07778245188422539,1
TXN,2025-09-30,0.7275818437337875,0.0,0.7275818437337875,0.7275818437337875,1,0.0,180.9236297607422,3873100,0.009283664626678956,0.03434092427963242,-0.08047649528869694,0.011006220221858782,0.014552666693468238,0.00898434327846731,0.001378877250095334,-0.23918125208713925,0.5580666867429084,1,30,9,0,1,,0
TXN,2025-12-31,0.7831093594431877,0.0,0.7831093594431877,0.7831093594431877,1,0.0,172.36492919921875,3426900,-0.020273365055611725,-0.022921847469663414,-0.010099239757175194,0.009509044965207481,0.013546900913079377,-0.01508958828078022,-0.026837830437184906,-0.12234287763151153,0.5587713519824162,2,31,12,0,1,,0
TXN,2026-02-05,0.47636036202311516,0.6902940008386512,-0.9028653725981712,0.9372202176600696,7,1.8400855902582407,223.97999572753906,11044200,0.029556389729176402,0.15617192665876134,0.21394626839009856,0.033765508168045875,0.02615923053295558,0.0526787783824032,0.11299064713101559,-0.24055698813821558,0.9096704686974915,3,5,2,1,0,,0
TXN,2026-02-06,0.19841648837447998,0.7530671019545608,-0.9668011916801332,0.9341005422174932,18,1.9009017338976264,221.44000244140625,9397500,0.027325443313652498,0.15299467497518004,0.18272969041662668,0.03398842564571011,0.026560050573282354,0.026564328732078257,0.09109445266585303,-0.14910088553267775,0.7571606977399992,4,6,2,0,0,,0
TXN,2026-02-09,0.06597171876845613,0.7373994517469544,-0.9556521829217672,0.9204358849674464,14,1.8760880678892136,218.77000427246094,9244100,-0.027732058071693433,0.12008737070095621,0.15704889125614585,0.03500984086386886,0.026960825702378732,0.003277610332881542,0.07011020466699369,-0.01632349028997071,0.744352595784839,0,9,2,0,0,,0
UNH,2026-01-12,-0.0600581057369709,0.0,-0.0600581057369709,-0.0600581057369709,1,0.0,340.510009765625,7146400,-0.004414885961494197,0.026158043409585163,0.011225607032247398,0.014996535890517904,0.012972487772146497,0.0039686060282573266,0.015638307384421513,0.7307403550410501,1.1691872754520407,0,12,1,0,0,,0
UNH,2026-01-27,-0.0685029812157154,0.0,-0.0685029812157154,-0.0685029812157154,1,0.0,282.70001220703125,65836900,-0.16467210848578595,-0.16977473760135486,-0.14805766914779683,0.0655732857487098,0.04730343994264723,-0.16115742876626837,-0.1638271343592682,5.330775518053753,4.852752135340961,1,27,1,0,1,,0
UPS,2026-01-27,-0.0517826825380325,0.0,-0.0517826825380325,-0.0517826825380325,1,0.0,107.19999694824219,14449300,0.006194819101213778,-0.00768306804066865,0.06624225156224628,0.011784441361459024,0.012333455225011372,-0.0036989991119177335,0.015536149498027951,0.7634000488162069,2.522445616405594,1,27,1,0,1,,0
UPS,2026-02-06,-0.0594062879681587,0.0,-0.0594062879681587,-0.0594062879681587,1,0.0,117.33999633789062,6738200,0.10468833543018374,0.0866826513240333,0.09694302139710986,0.022446440796884883,0.01788514925058313,0.06398989659864163,0.0761533629313289,0.017163559513925675,0.7394872031246742,4,6,2,0,0,,0
USB,2026-01-28,-0.0643236488103866,0.0,-0.0643236488103866,-0.0643236488103866,1,0.0,55.7400016784668,7746700,0.004867504089091312,0.031267390661634975,0.032639517469047474,0.011855212243186032,0.013278043582354113,0.01078975120461112,0.015161885239039607,-0.3920866978992553,0.5703210987223046,2,28,1,0,1,,0
USB,2026-01-29,-0.0608391147106885,0.0,-0.0608391147106885,-0.0608391147106885,1,0.0,56.33000183105469,8084200,0.002670016466074898,0.052897230487003455,0.04722068920422973,0.011053650746480926,0.013361821863419457,0.016273377933154975,0.02353980349892182,0.043566938180128245,0.6315559218621221,3,29,1,0,1,,0
V,2026-01-29,-0.0506658162921667,0.0,-0.0506658162921667,-0.0506658162921667,1,0.0,331.79998779296875,10214200,0.016668717629540808,0.007989714305527862,-0.06170467627823972,0.007287252587034853,0.013771370466394716,0.013990473634547751,-0.015269589714984266,0.2600789538613373,1.2926650855642992,3,29,1,0,1,,0
V,2026-01-30,-0.0830347258597612,0.0,-0.0830347258597612,-0.0830347258597612,1,0.0,321.8299865722656,11199100,-0.013336213750668291,-0.018062588642972943,-0.0823472543881365,0.012193800617743417,0.01500872212633388,-0.014695555270672012,-0.04074805410654969,0.09642458538113607,1.371967952173274,4,30,1,0,1,,0
VLO,2025-10-29,-0.0557520687580108,0.0,-0.0557520687580108,-0.0557520687580108,1,0.0,168.5596923828125,1569800,0.05430284881610148,0.06013158354372705,0.017832642153866818,0.02965839791676651,0.02384724562829993,0.03278825851550082,0.0434218603858485,-0.0809671564896669,0.657494083893531,2,29,10,0,1,,0
VLO,2026-01-29,-0.0853353179991245,0.0,-0.0853353179991245,-0.0853353179991245,1,0.0,181.38070678710938,6555800,-0.02354321505168866,-0.02155370176753002,0.10693928224648519,0.01090958313108332,0.02808753966213036,-0.012307537452799666,0.0018914030897518863,1.3781332752929227,2.1006995068524756,3,29,1,0,1,,0
VZ,2026-02-05,0.30667454153299334,0.5067066973098919,-0.3321368880569935,0.933199217543006,5,1.2653361055999994,47.099998474121094,42866500,0.18311973999882913,0.19300909372434938,0.19404860627236675,0.037148076310554265,0.02849851555253178,0.10260548905621159,0.1465877792323036,-0.07241669569883868,0.9018777082735469,3,5,2,1,0,,0
VZ,2026-02-06,-0.04834347683936356,0.8410384949063104,-0.9648208161816,0.9333808785304428,10,1.8982016947120428,46.310001373291016,36094600,0.04020666884820745,0.17181176206675497,0.16128835694465882,0.03847435512112452,0.029080677226085247,0.06714907989195851,0.11859906698770573,-0.15797650846231903,0.7373046156863066,4,6,2,0,0,,0
VZ,2026-02-09,0.5486855706773125,0.4662178319692741,-0.3159155081957578,0.9362147860229016,13,1.2521302942186594,47.02000045776367,26949700,0.054023757328819144,0.18677439993375788,0.18229832604125318,0.038165687297568696,0.029014501085157088,0.06534349267582629,0.12589045777951768,-0.2533592282502092,0.5439813296262797,0,9,2,0,0,,0
WFC,2026-01-23,-0.0648150164633989,0.0,-0.0648150164633989,-0.0648150164633989,1,0.0,86.53469848632812,15227500,-0.022481937427783483,-0.09037653501239329,-0.07949610008657815,0.017366826651728017,0.015925272015688986,-0.03253079129122849,-0.05953091991528936,-0.22580825567266094,0.7516089688630776,4,23,1,0,0,,0
WFC,2026-01-29,-0.063717633485794,0.0,-0.063717633485794,-0.063717633485794,1,0.0,90.19670104980469,21497000,0.029532076633039583,0.015574226977613348,-0.03891417105176409,0.015782534776184454,0.01789153599116594,0.029356676695924122,-0.006864475048046104,0.3111364565099386,1.151901250603493,3,29,1,0,1,,0
WMT,2025-01-31,0.7090100198984146,0.0,0.7090100198984146,0.7090100198984146,1,0.0,97.22933197021484,16391200,0.0358802375623668,0.07513700906228449,0.08644182466368067,0.00918011907491886,0.009650054238130304,0.026971720828672163,0.05062627696076394,0.4884582553894772,1.0504351392573794,4,31,1,0,1,0.23110993897305598,1
WMT,2025-04-30,0.6781908571720123,0.0,0.6781908571720123,0.6781908571720123,1,0.0,96.59246826171875,21639900,0.024115379136631754,0.034904639369079726,0.09478766957746632,0.01633039702166581,0.0290904829191028,0.027936576885252418,0.06074894732092884,0.7067513210821044,1.2620261912468398,2,30,4,0,1,,0
WMT,2025-07-31,0.6779711842536926,0.0,0.6779711842536926,0.6779711842536926,1,0.0,97.55284118652344,15651300,0.014285811742237309,0.030392371913382954,0.0037907361652496085,0.0053889186373219065,0.00946837193242929,0.012367955949009302,0.015279019250856285,0.12890847584769305,1.1987059646177518,3,31,7,0,1,,0
WMT,2025-10-31,0.6997960209846497,0.0,0.6997960209846497,0.6997960209846497,1,0.0,100.97416687011719,20237000,-0.04700011269041715,-0.06080020937203856,-0.00871952348021765,0.006701120097859791,0.015320387194842716,-0.03357373323810109,-0.03267750605624187,0.4388095356591848,1.5390406948004045,4,31,10,0,1,,0
WMT,2026-01-08,-0.0573343597352504,0.0,-0.0573343597352504,-0.0573343597352504,1,0.0,113.06999969482422,24058300,0.014899883117761803,0.019567160857422827,-0.015292086675865901,0.00862874051118568,0.01080802626875213,0.005236439400816861,-0.003922276180714168,0.03227924139706517,1.5465578299861855,3,8,1,0,0,,0
WMT,2026-01-16,-0.0626661591231823,0.0,-0.0626661591231823,-0.0626661591231823,1,0.0,119.69999694824219,415144600,0.04514099558237206,0.06154660057231287,0.03492990799079787,0.01335088020199795,0.01198953206863159,0.027785391151868843,0.04573447942682751,11.012494429880148,6.17942245650532,4,16,1,0,0,,0
XOM,2026-01-07,-0.0262054987251758,0.0,-0.0262054987251758,-0.0262054987251758,1,0.0,118.48999786376953,20353000,-0.020662865064390745,0.0028776668091379243,0.021641614366153528,0.01760335665415537,0.01596725371792831,-0.01843998928739876,-0.00618150721594557,-0.1275515890366331,1.3458050463887157,2,7,1,0,0,,0
XOM,2026-01-30,-0.0244920533150434,0.0,-0.0244920533150434,-0.0244920533150434,1,0.0,141.39999389648438,29657700,0.0476401616479718,0.09502043328200194,0.1750041399325084,0.008440352874832394,0.017054781189713864,0.044521391582901026,0.08823637701471365,-0.17065988825690848,1.4983434089501386,4,30,1,0,1,,0
